{"textures":{"0":"modelengine:entity/phoenix_light"},"elements":[{"from":[6.0,18.75826,-0.40190697],"to":[10.0,18.75826,10.455236],"rotation":{"angle":45.0,"axis":"x","origin":[20.690346,3.2226858,-9.207592]},"faces":{"east":{"uv":[9.1875,1.4375,8.0,1.4375],"rotation":0,"texture":"#0","tintindex":0},"south":{"uv":[8.5,1.375,8.0,1.375],"rotation":0,"texture":"#0","tintindex":0},"north":{"uv":[8.5,1.25,8.0,1.25],"rotation":0,"texture":"#0","tintindex":0},"west":{"uv":[9.1875,1.3125,8.0,1.3125],"rotation":0,"texture":"#0","tintindex":0},"up":{"uv":[4.5,5.75,4.9375,4.5625],"rotation":0,"texture":"#0","tintindex":0},"down":{"uv":[4.4375,4.5625,4.9375,5.75],"rotation":0,"texture":"#0","tintindex":0}}}],"display":{"head":{"translation":[0.0,-6.4,0.0],"scale":[4.0,4.0,4.0]}}}