{"textures":{"0":"modelengine:entity/phantom_ghost"},"elements":[{"from":[7.9261904,7.5738096,7.6642857],"to":[19.354763,8.716667,17.378572],"rotation":{"angle":0.0,"axis":"y","origin":[0.7833328,9.515409,27.52143]},"faces":{"east":{"uv":[9.0625,0.6875,8.0,0.8125],"rotation":0,"texture":"#0","tintindex":0},"south":{"uv":[7.6875,7.75,6.4375,7.875],"rotation":0,"texture":"#0","tintindex":0},"north":{"uv":[6.375,7.625,5.125,7.75],"rotation":0,"texture":"#0","tintindex":0},"west":{"uv":[8.0,0.6875,9.0625,0.8125],"rotation":0,"texture":"#0","tintindex":0},"up":{"uv":[0.0,5.5625,1.25,4.5],"rotation":0,"texture":"#0","tintindex":0},"down":{"uv":[0.0,4.5,1.25,5.5625],"rotation":0,"texture":"#0","tintindex":0}}},{"from":[7.9261904,8.716667,17.378572],"to":[19.354763,8.716667,28.235714],"rotation":{"angle":0.0,"axis":"y","origin":[0.7833328,9.515409,27.52143]},"faces":{"east":{"uv":[9.3125,6.4375,8.125,6.4375],"rotation":0,"texture":"#0","tintindex":0},"south":{"uv":[9.375,3.6875,8.125,3.6875],"rotation":0,"texture":"#0","tintindex":0},"north":{"uv":[9.1875,7.25,7.9375,7.25],"rotation":0,"texture":"#0","tintindex":0},"west":{"uv":[9.1875,4.6875,8.0,4.6875],"rotation":0,"texture":"#0","tintindex":0},"up":{"uv":[1.25,4.4375,0.0,3.25],"rotation":0,"texture":"#0","tintindex":0},"down":{"uv":[1.25,3.25,0.0,4.4375],"rotation":0,"texture":"#0","tintindex":0}}},{"from":[7.8976192,7.2880955,7.3785715],"to":[19.411905,9.002381,8.521429],"rotation":{"angle":0.0,"axis":"y","origin":[0.7833328,9.515409,27.52143]},"faces":{"east":{"uv":[0.125,8.25,0.0,8.4375],"rotation":0,"texture":"#0","tintindex":0},"south":{"uv":[1.25,7.1875,0.0,7.375],"rotation":0,"texture":"#0","tintindex":0},"north":{"uv":[6.375,7.125,5.125,7.3125],"rotation":0,"texture":"#0","tintindex":0},"west":{"uv":[6.0,8.1875,5.875,8.375],"rotation":0,"texture":"#0","tintindex":0},"up":{"uv":[7.75,7.875,9.0,7.75],"rotation":0,"texture":"#0","tintindex":0},"down":{"uv":[7.8125,3.75,9.0625,3.875],"rotation":0,"texture":"#0","tintindex":0}}}],"display":{"head":{"translation":[0.0,-6.4,0.0],"scale":[4.0,4.0,4.0]}}}