{"textures":{"0":"modelengine:entity/horse_spartan"},"elements":[{"from":[6.0,-1.5,6.0],"to":[10.0,8.5,10.0],"faces":{"east":{"uv":[10.75,11.75,11.25,13.0],"tintindex":0,"rotation":0,"texture":"#0"},"south":{"uv":[11.375,11.75,11.875,13.0],"tintindex":0,"rotation":0,"texture":"#0"},"north":{"uv":[10.125,11.75,10.625,13.0],"tintindex":0,"rotation":0,"texture":"#0"},"west":{"uv":[3.5,11.875,4.0,13.125],"tintindex":0,"rotation":0,"texture":"#0"},"up":{"uv":[14.625,1.875,14.125,1.375],"tintindex":0,"rotation":0,"texture":"#0"},"down":{"uv":[6.125,14.125,5.625,14.625],"tintindex":0,"rotation":0,"texture":"#0"}}},{"from":[5.0,-3.5,5.0000005],"to":[11.0,-1.5,11.0],"faces":{"east":{"uv":[14.25,11.625,15.0,11.875],"tintindex":0,"rotation":0,"texture":"#0"},"south":{"uv":[14.375,4.75,15.125,5.0],"tintindex":0,"rotation":0,"texture":"#0"},"north":{"uv":[14.25,11.25,15.0,11.5],"tintindex":0,"rotation":0,"texture":"#0"},"west":{"uv":[14.25,12.375,15.0,12.625],"tintindex":0,"rotation":0,"texture":"#0"},"up":{"uv":[13.375,11.625,12.625,10.875],"tintindex":0,"rotation":0,"texture":"#0"},"down":{"uv":[13.375,11.75,12.625,12.5],"tintindex":0,"rotation":0,"texture":"#0"}}}],"display":{"gui":{"rotation":[30,225,0]}}}