{"textures":{"0":"modelengine:entity/horse_spartan"},"elements":[{"from":[5.25,-2.0,6.125],"to":[9.25,8.0,10.125],"faces":{"east":{"uv":[12.0,10.875,12.5,12.125],"tintindex":0,"rotation":0,"texture":"#0"},"south":{"uv":[0.0,12.125,0.5,13.375],"tintindex":0,"rotation":0,"texture":"#0"},"north":{"uv":[12.0,8.375,12.5,9.625],"tintindex":0,"rotation":0,"texture":"#0"},"west":{"uv":[12.125,3.0,12.625,4.25],"tintindex":0,"rotation":0,"texture":"#0"},"up":{"uv":[6.75,14.75,6.25,14.25],"tintindex":0,"rotation":0,"texture":"#0"},"down":{"uv":[14.75,6.875,14.25,7.375],"tintindex":0,"rotation":0,"texture":"#0"}}},{"from":[4.25,-4.0,5.125],"to":[10.25,-2.0,11.125],"faces":{"east":{"uv":[14.375,4.375,15.125,4.625],"tintindex":0,"rotation":0,"texture":"#0"},"south":{"uv":[14.375,4.75,15.125,5.0],"tintindex":0,"rotation":0,"texture":"#0"},"north":{"uv":[14.375,2.75,15.125,3.0],"tintindex":0,"rotation":0,"texture":"#0"},"west":{"uv":[14.375,13.125,15.125,13.375],"tintindex":0,"rotation":0,"texture":"#0"},"up":{"uv":[4.875,13.5,4.125,12.75],"tintindex":0,"rotation":0,"texture":"#0"},"down":{"uv":[1.375,12.875,0.625,13.625],"tintindex":0,"rotation":0,"texture":"#0"}}}],"display":{"gui":{"rotation":[30,225,0]}}}