{"textures":{"0":"modelengine:entity/horse_spartan"},"elements":[{"from":[5.5,8.2,5.000001],"to":[10.5,8.2,11.0],"faces":{"up":{"uv":[14.0,2.25,13.375,1.5],"tintindex":0,"rotation":0,"texture":"#0"},"down":{"uv":[7.125,13.375,6.5,14.125],"tintindex":0,"rotation":0,"texture":"#0"}}},{"from":[5.5,0.19999981,11.0],"to":[10.5,8.2,11.0],"faces":{"south":{"uv":[1.5,11.75,2.125,12.75],"tintindex":0,"rotation":0,"texture":"#0"},"north":{"uv":[11.625,5.375,12.25,6.375],"tintindex":0,"rotation":0,"texture":"#0"}}},{"from":[5.5,0.19999981,5.000001],"to":[10.5,8.2,5.000001],"faces":{"south":{"uv":[6.0,11.875,6.625,12.875],"tintindex":0,"rotation":0,"texture":"#0"},"north":{"uv":[5.25,11.875,5.875,12.875],"tintindex":0,"rotation":0,"texture":"#0"}}},{"from":[10.5,0.19999981,5.000001],"to":[10.5,8.2,11.0],"faces":{"east":{"uv":[10.625,9.875,11.375,10.875],"tintindex":0,"rotation":0,"texture":"#0"},"west":{"uv":[3.625,10.75,4.375,11.75],"tintindex":0,"rotation":0,"texture":"#0"}}},{"from":[5.5,0.19999981,5.000001],"to":[5.5,8.2,11.0],"faces":{"east":{"uv":[10.625,4.0,11.375,5.0],"tintindex":0,"rotation":0,"texture":"#0"},"west":{"uv":[10.625,5.125,11.375,6.125],"tintindex":0,"rotation":0,"texture":"#0"}}}],"display":{"gui":{"rotation":[30,225,0]}}}