{"textures":{"0":"modelengine:entity/horse_spartan"},"elements":[{"from":[2.0,4.6980343,-0.8266411],"to":[14.0,16.698034,13.173359],"faces":{"east":{"uv":[5.5,3.375,3.75,4.875],"tintindex":0,"rotation":0,"texture":"#0"},"south":{"uv":[5.625,1.625,7.125,3.125],"tintindex":0,"rotation":0,"texture":"#0"},"north":{"uv":[5.625,0.0,7.125,1.5],"tintindex":0,"rotation":0,"texture":"#0"},"west":{"uv":[3.75,3.375,5.5,4.875],"tintindex":0,"rotation":0,"texture":"#0"},"up":{"uv":[3.375,6.0,1.875,4.25],"tintindex":0,"rotation":0,"texture":"#0"},"down":{"uv":[1.5,5.0,0.0,6.75],"tintindex":0,"rotation":0,"texture":"#0"}}}],"display":{"gui":{"rotation":[30,225,0]}}}