{
    "providers":[
        {
            "type":"bitmap",
            "file":"minecraft:guis/menus/pixel.png",
            "ascent":-2000,
            "height":-3,
            "chars":[
                "七"
            ]
        },
        {
            "type":"bitmap",
            "file":"minecraft:guis/menus/quests/questmenu.png",
            "ascent":15,
            "height":130,
            "chars":[
                "⟰"
            ]
        },
        {
            "type":"bitmap",
            "file":"minecraft:guis/menus/quests/questcategories.png",
            "ascent":17,
            "height":130,
            "chars":[
                "⤋"
            ]
        },
        {
            "type":"bitmap",
            "file":"minecraft:guis/menus/quests/cancelquest.png",
            "ascent":15,
            "height":76,
            "chars":[
                "⭅"
            ]
        }




    ]
}