{"textures":{"0":"modelengine:entity/horse_glacial"},"elements":[{"from":[-3.0,10.037642,16.408031],"to":[19.0,27.037642,16.408031],"faces":{"south":{"uv":[1.375,0.0,0.0,1.0625],"tintindex":0,"rotation":0,"texture":"#0"},"north":{"uv":[0.0,0.0,1.375,1.0625],"tintindex":0,"rotation":0,"texture":"#0"}},"rotation":{"origin":[8.0,22.787642,12.908031],"angle":22.5,"axis":"x"}},{"from":[2.0,15.287642,9.908031],"to":[14.0,17.287642,12.908031],"faces":{"east":{"uv":[1.75,3.6875,1.9375,3.8125],"tintindex":0,"rotation":0,"texture":"#0"},"south":{"uv":[6.9375,3.1875,7.6875,3.3125],"tintindex":0,"rotation":0,"texture":"#0"},"north":{"uv":[6.5,4.25,7.25,4.375],"tintindex":0,"rotation":0,"texture":"#0"},"west":{"uv":[0.625,4.3125,0.8125,4.4375],"tintindex":0,"rotation":0,"texture":"#0"},"up":{"uv":[1.5,6.5625,0.75,6.375],"tintindex":0,"rotation":0,"texture":"#0"},"down":{"uv":[7.1875,0.0,6.4375,0.1875],"tintindex":0,"rotation":0,"texture":"#0"}}},{"from":[2.0,2.2876415,-8.091969],"to":[14.0,14.287642,7.908031],"faces":{"east":{"uv":[1.4375,2.0,2.4375,2.75],"tintindex":0,"rotation":0,"texture":"#0"},"south":{"uv":[3.75,2.875,4.5,3.625],"tintindex":0,"rotation":0,"texture":"#0"},"north":{"uv":[0.9375,3.6875,1.6875,4.4375],"tintindex":0,"rotation":0,"texture":"#0"},"west":{"uv":[0.0,2.25,1.0,3.0],"tintindex":0,"rotation":0,"texture":"#0"},"up":{"uv":[3.25,3.0,2.5,2.0],"tintindex":0,"rotation":0,"texture":"#0"},"down":{"uv":[3.3125,0.0,2.5625,1.0],"tintindex":0,"rotation":0,"texture":"#0"}}},{"from":[1.5,1.7876415,4.4080315],"to":[14.5,8.787642,7.408031],"faces":{"east":{"uv":[3.5625,6.9375,3.75,7.375],"tintindex":0,"rotation":0,"texture":"#0"},"south":{"uv":[4.375,4.1875,5.1875,4.625],"tintindex":0,"rotation":0,"texture":"#0"},"north":{"uv":[4.375,3.6875,5.1875,4.125],"tintindex":0,"rotation":0,"texture":"#0"},"west":{"uv":[3.8125,6.9375,4.0,7.375],"tintindex":0,"rotation":0,"texture":"#0"},"up":{"uv":[7.0625,1.4375,6.25,1.25],"tintindex":0,"rotation":0,"texture":"#0"},"down":{"uv":[7.125,4.4375,6.3125,4.625],"tintindex":0,"rotation":0,"texture":"#0"}}},{"from":[1.0,8.287642,-0.09196854],"to":[15.0,15.287642,12.908031],"faces":{"east":{"uv":[4.3125,0.5,5.125,0.9375],"tintindex":0,"rotation":0,"texture":"#0"},"south":{"uv":[4.1875,0.0,5.0625,0.4375],"tintindex":0,"rotation":0,"texture":"#0"},"north":{"uv":[4.125,2.375,5.0,2.8125],"tintindex":0,"rotation":0,"texture":"#0"},"west":{"uv":[4.3125,1.0,5.125,1.4375],"tintindex":0,"rotation":0,"texture":"#0"},"up":{"uv":[3.4375,1.875,2.5625,1.0625],"tintindex":0,"rotation":0,"texture":"#0"},"down":{"uv":[1.9375,2.8125,1.0625,3.625],"tintindex":0,"rotation":0,"texture":"#0"}}}],"display":{"gui":{"rotation":[30,225,0]}}}