{"textures":{"0":"modelengine:entity/horse_glacial"},"elements":[{"from":[6.0,-1.5,6.0],"to":[10.0,8.5,10.0],"faces":{"east":{"uv":[4.9375,6.0625,5.1875,6.6875],"tintindex":0,"rotation":0,"texture":"#0"},"south":{"uv":[0.0,6.125,0.25,6.75],"tintindex":0,"rotation":0,"texture":"#0"},"north":{"uv":[4.625,6.0625,4.875,6.6875],"tintindex":0,"rotation":0,"texture":"#0"},"west":{"uv":[6.125,2.625,6.375,3.25],"tintindex":0,"rotation":0,"texture":"#0"},"up":{"uv":[5.8125,5.4375,5.5625,5.1875],"tintindex":0,"rotation":0,"texture":"#0"},"down":{"uv":[7.1875,3.9375,6.9375,4.1875],"tintindex":0,"rotation":0,"texture":"#0"}}},{"from":[8.0,-1.5,10.0],"to":[8.0,8.5,17.0],"faces":{"east":{"uv":[1.4375,5.1875,1.0,5.8125],"tintindex":0,"rotation":0,"texture":"#0"},"west":{"uv":[1.0,5.1875,1.4375,5.8125],"tintindex":0,"rotation":0,"texture":"#0"}}},{"from":[5.0,-3.5,5.0000005],"to":[11.0,-1.5,11.0],"faces":{"east":{"uv":[7.5,4.875,7.125,5.0],"tintindex":0,"rotation":0,"texture":"#0"},"south":{"uv":[7.1875,3.375,7.5625,3.5],"tintindex":0,"rotation":0,"texture":"#0"},"north":{"uv":[3.3125,2.875,3.6875,3.0],"tintindex":0,"rotation":0,"texture":"#0"},"west":{"uv":[7.125,4.875,7.5,5.0],"tintindex":0,"rotation":0,"texture":"#0"},"up":{"uv":[6.8125,2.4375,6.4375,2.0625],"tintindex":0,"rotation":0,"texture":"#0"},"down":{"uv":[6.8125,2.5,6.4375,2.875],"tintindex":0,"rotation":0,"texture":"#0"}}}],"display":{"gui":{"rotation":[30,225,0]}}}