{"textures":{"0":"modelengine:entity/horse_glacial"},"elements":[{"from":[5.5,-8.679321,2.2271733],"to":[10.5,-2.6793222,7.227173],"faces":{"east":{"uv":[2.1875,6.625,2.5,7.0],"tintindex":0,"rotation":0,"texture":"#0"},"south":{"uv":[4.25,6.6875,4.5625,7.0625],"tintindex":0,"rotation":0,"texture":"#0"},"north":{"uv":[1.25,6.625,1.5625,7.0],"tintindex":0,"rotation":0,"texture":"#0"},"west":{"uv":[0.3125,6.75,0.625,7.125],"tintindex":0,"rotation":0,"texture":"#0"},"up":{"uv":[7.25,3.125,6.9375,2.8125],"tintindex":0,"rotation":0,"texture":"#0"},"down":{"uv":[3.25,6.9375,2.9375,7.25],"tintindex":0,"rotation":0,"texture":"#0"}},"rotation":{"origin":[8.0,6.5391865,-6.843169],"angle":-45.0,"axis":"x"}}],"display":{"gui":{"rotation":[30,225,0]}}}