{"textures":{"0":"modelengine:entity/kitsune"},"elements":[{"from":[6.4500003,6.25,3.75],"to":[9.549999,8.25,8.75],"faces":{"east":{"uv":[12.125,7.5,11.5,7.75],"tintindex":0,"rotation":0,"texture":"#0"},"south":{"uv":[5.0,9.625,5.375,9.875],"tintindex":0,"rotation":0,"texture":"#0"},"north":{"uv":[8.5,1.75,8.875,2.0],"tintindex":0,"rotation":0,"texture":"#0"},"west":{"uv":[11.5,7.5,12.125,7.75],"tintindex":0,"rotation":0,"texture":"#0"},"up":{"uv":[10.875,11.875,10.5,11.25],"tintindex":0,"rotation":0,"texture":"#0"},"down":{"uv":[11.375,11.25,11.0,11.875],"tintindex":0,"rotation":0,"texture":"#0"}}}],"display":{"gui":{"rotation":[30,225,0]}}}