{"textures":{"0":"modelengine:entity/kitsune"},"elements":[{"from":[4.0,17.66942,3.283742],"to":[12.0,25.66942,12.283742],"faces":{"east":{"uv":[7.25,5.375,8.375,6.375],"tintindex":0,"rotation":0,"texture":"#0"},"south":{"uv":[0.0,8.875,1.0,9.875],"tintindex":0,"rotation":0,"texture":"#0"},"north":{"uv":[8.625,3.75,9.625,4.75],"tintindex":0,"rotation":0,"texture":"#0"},"west":{"uv":[7.375,3.875,8.5,4.875],"tintindex":0,"rotation":0,"texture":"#0"},"up":{"uv":[8.375,7.625,7.375,6.5],"tintindex":0,"rotation":0,"texture":"#0"},"down":{"uv":[8.375,7.625,7.375,6.5],"tintindex":0,"rotation":0,"texture":"#0"}},"rotation":{"origin":[7.0125,13.705488,19.999424],"angle":-45.0,"axis":"x"}},{"from":[1.0,2.0551271,2.5655107],"to":[15.0,12.055126,2.5655107],"faces":{"south":{"uv":[3.375,0.0,1.625,1.25],"tintindex":0,"rotation":0,"texture":"#0"},"north":{"uv":[1.625,0.0,3.375,1.25],"tintindex":0,"rotation":0,"texture":"#0"}},"rotation":{"origin":[8.0,7.055127,2.5655107],"angle":22.5,"axis":"x"}}],"display":{"gui":{"rotation":[30,225,0]}}}