{"textures":{"0":"modelengine:entity/kitsune"},"elements":[{"from":[6.0,4.4702606,3.1017694],"to":[10.0,9.470261,13.101769],"faces":{"east":{"uv":[9.0,1.75,10.25,2.375],"tintindex":0,"rotation":0,"texture":"#0"},"south":{"uv":[9.875,10.75,10.375,11.375],"tintindex":0,"rotation":0,"texture":"#0"},"north":{"uv":[9.25,10.75,9.75,11.375],"tintindex":0,"rotation":0,"texture":"#0"},"west":{"uv":[9.0,2.5,10.25,3.125],"tintindex":0,"rotation":0,"texture":"#0"},"up":{"uv":[5.5,11.25,5.0,10.0],"tintindex":0,"rotation":0,"texture":"#0"},"down":{"uv":[6.125,10.0,5.625,11.25],"tintindex":0,"rotation":0,"texture":"#0"}},"rotation":{"origin":[7.0125,12.7722025,4.3684406],"angle":-45.0,"axis":"x"}}],"display":{"gui":{"rotation":[30,225,0]}}}