{"textures":{"0":"modelengine:entity/kitsune"},"elements":[{"from":[4.0,-2.559185,10.008316],"to":[12.0,6.440815,21.008316],"faces":{"east":{"uv":[4.375,5.625,3.0,6.75],"tintindex":0,"rotation":0,"texture":"#0"},"south":{"uv":[5.375,8.375,4.375,9.5],"tintindex":0,"rotation":0,"texture":"#0"},"north":{"uv":[4.25,8.125,3.25,9.25],"tintindex":0,"rotation":0,"texture":"#0"},"west":{"uv":[3.0,5.625,4.375,6.75],"tintindex":0,"rotation":0,"texture":"#0"},"up":{"uv":[0.0,7.5,1.0,6.125],"tintindex":0,"rotation":0,"texture":"#0"},"down":{"uv":[0.0,6.125,1.0,7.5],"tintindex":0,"rotation":0,"texture":"#0"}},"rotation":{"origin":[8.9875,-1.4525719,-5.6611366],"angle":-22.5,"axis":"x"}},{"from":[8.0,-12.680906,18.554743],"to":[8.0,-0.6809063,30.554745],"faces":{"east":{"uv":[1.5,1.625,0.0,3.125],"tintindex":0,"rotation":0,"texture":"#0"},"west":{"uv":[0.0,1.625,1.5,3.125],"tintindex":0,"rotation":0,"texture":"#0"}},"rotation":{"origin":[8.9875,-1.4525719,-5.6611366],"angle":-45.0,"axis":"x"}}],"display":{"gui":{"rotation":[30,225,0]}}}