{"textures":{"0":"modelengine:entity/kitsune_demonic"},"elements":[{"from":[5.6833334,3.6213746,2.1697693],"to":[9.683333,8.621374,6.1697693],"faces":{"east":{"uv":[7.375,11.125,6.875,11.75],"tintindex":0,"rotation":0,"texture":"#0"},"south":{"uv":[11.5,4.75,11.0,5.375],"tintindex":0,"rotation":0,"texture":"#0"},"north":{"uv":[11.5,0.5,11.0,1.125],"tintindex":0,"rotation":0,"texture":"#0"},"west":{"uv":[11.5,1.25,11.0,1.875],"tintindex":0,"rotation":0,"texture":"#0"},"up":{"uv":[11.25,10.25,11.75,9.75],"tintindex":0,"rotation":0,"texture":"#0"},"down":{"uv":[11.25,10.375,11.75,10.875],"tintindex":0,"rotation":0,"texture":"#0"}},"rotation":{"origin":[3.6958337,17.677402,6.175572],"angle":-22.5,"axis":"x"}}],"display":{"gui":{"rotation":[30,225,0]}}}