{"textures":{"0":"modelengine:entity/kitsune_demonic"},"elements":[{"from":[6.5,0.060537815,11.325056],"to":[9.5,6.060538,15.325056],"faces":{"east":{"uv":[11.125,8.625,10.625,9.375],"tintindex":0,"rotation":0,"texture":"#0"},"south":{"uv":[9.125,11.125,8.75,11.875],"tintindex":0,"rotation":0,"texture":"#0"},"north":{"uv":[4.875,10.75,4.5,11.5],"tintindex":0,"rotation":0,"texture":"#0"},"west":{"uv":[11.125,3.375,10.625,4.125],"tintindex":0,"rotation":0,"texture":"#0"},"up":{"uv":[9.25,10.625,9.625,10.125],"tintindex":0,"rotation":0,"texture":"#0"},"down":{"uv":[11.375,6.375,11.75,6.875],"tintindex":0,"rotation":0,"texture":"#0"}},"rotation":{"origin":[2.5125003,20.54412,16.547947],"angle":22.5,"axis":"x"}}],"display":{"gui":{"rotation":[30,225,0]}}}