{"textures":{"0":"modelengine:entity/kitsune_demonic"},"elements":[{"from":[6.0,4.4702606,3.1017694],"to":[10.0,9.470261,13.101769],"faces":{"east":{"uv":[10.25,2.5,9.0,3.125],"tintindex":0,"rotation":0,"texture":"#0"},"south":{"uv":[10.375,10.75,9.875,11.375],"tintindex":0,"rotation":0,"texture":"#0"},"north":{"uv":[9.75,10.75,9.25,11.375],"tintindex":0,"rotation":0,"texture":"#0"},"west":{"uv":[10.25,1.75,9.0,2.375],"tintindex":0,"rotation":0,"texture":"#0"},"up":{"uv":[5.0,11.25,5.5,10.0],"tintindex":0,"rotation":0,"texture":"#0"},"down":{"uv":[5.625,10.0,6.125,11.25],"tintindex":0,"rotation":0,"texture":"#0"}},"rotation":{"origin":[8.9875,12.7722025,4.3684406],"angle":-45.0,"axis":"x"}}],"display":{"gui":{"rotation":[30,225,0]}}}