{"textures":{"0":"modelengine:entity/kitsune_demonic"},"elements":[{"from":[3.0,6.2735486,0.20096159],"to":[13.0,16.273548,10.200962],"faces":{"east":{"uv":[4.625,4.125,5.875,5.375],"tintindex":0,"rotation":0,"texture":"#0"},"south":{"uv":[0.0,4.75,1.25,6.0],"tintindex":0,"rotation":0,"texture":"#0"},"north":{"uv":[3.5,1.375,4.75,2.625],"tintindex":0,"rotation":0,"texture":"#0"},"west":{"uv":[4.875,1.375,6.125,2.625],"tintindex":0,"rotation":0,"texture":"#0"},"up":{"uv":[6.125,4.0,4.875,2.75],"tintindex":0,"rotation":0,"texture":"#0"},"down":{"uv":[6.375,0.0,5.125,1.25],"tintindex":0,"rotation":0,"texture":"#0"}}},{"from":[12.975,7.72643,3.46949],"to":[12.975,16.72643,13.46949],"faces":{"east":{"uv":[7.25,4.125,6.0,5.25],"tintindex":0,"rotation":0,"texture":"#0"},"west":{"uv":[6.0,4.125,7.25,5.25],"tintindex":0,"rotation":0,"texture":"#0"}},"rotation":{"origin":[8.9875,17.727337,4.8178635],"angle":-22.5,"axis":"x"}},{"from":[2.0,11.273548,1.2009616],"to":[14.0,17.273548,7.2009616],"faces":{"east":{"uv":[10.125,0.5,10.875,1.25],"tintindex":0,"rotation":0,"texture":"#0"},"south":{"uv":[8.5,0.875,10.0,1.625],"tintindex":0,"rotation":0,"texture":"#0"},"north":{"uv":[8.375,0.0,9.875,0.75],"tintindex":0,"rotation":0,"texture":"#0"},"west":{"uv":[10.125,4.75,10.875,5.5],"tintindex":0,"rotation":0,"texture":"#0"},"up":{"uv":[10.0,5.75,8.5,5.0],"tintindex":0,"rotation":0,"texture":"#0"},"down":{"uv":[10.0,5.875,8.5,6.625],"tintindex":0,"rotation":0,"texture":"#0"}}},{"from":[3.025,7.72643,3.46949],"to":[3.025,16.72643,13.46949],"faces":{"east":{"uv":[7.25,4.125,6.0,5.25],"tintindex":0,"rotation":0,"texture":"#0"},"west":{"uv":[6.0,4.125,7.25,5.25],"tintindex":0,"rotation":0,"texture":"#0"}},"rotation":{"origin":[7.0125,17.727337,4.8178635],"angle":-22.5,"axis":"x"}}],"display":{"gui":{"rotation":[30,225,0]}}}