{"textures":{"0":"modelengine:entity/kitsune_inferno"},"elements":[{"from":[6.3166666,3.6213746,2.1697693],"to":[10.316667,8.621374,6.1697693],"faces":{"east":{"uv":[11.0,1.25,11.5,1.875],"tintindex":0,"rotation":0,"texture":"#0"},"south":{"uv":[11.0,4.75,11.5,5.375],"tintindex":0,"rotation":0,"texture":"#0"},"north":{"uv":[11.0,0.5,11.5,1.125],"tintindex":0,"rotation":0,"texture":"#0"},"west":{"uv":[6.875,11.125,7.375,11.75],"tintindex":0,"rotation":0,"texture":"#0"},"up":{"uv":[11.75,10.25,11.25,9.75],"tintindex":0,"rotation":0,"texture":"#0"},"down":{"uv":[11.75,10.375,11.25,10.875],"tintindex":0,"rotation":0,"texture":"#0"}},"rotation":{"origin":[12.304167,17.677402,6.175572],"angle":-22.5,"axis":"x"}}],"display":{"gui":{"rotation":[30,225,0]}}}