{"textures":{"0":"modelengine:entity/kitsune_demonic"},"elements":[{"from":[5.714286,1.9661803,9.147609],"to":[10.285714,7.109038,15.433324],"rotation":{"angle":-22.5,"axis":"x","origin":[7.4357142,2.5985303,0.19363594]},"faces":{"east":{"uv":[4.375,5.625,3.0,6.75],"rotation":0,"texture":"#0","tintindex":0},"south":{"uv":[4.375,8.375,5.375,9.5],"rotation":0,"texture":"#0","tintindex":0},"north":{"uv":[3.25,8.125,4.25,9.25],"rotation":0,"texture":"#0","tintindex":0},"west":{"uv":[3.0,5.625,4.375,6.75],"rotation":0,"texture":"#0","tintindex":0},"up":{"uv":[1.0,7.5,0.0,6.125],"rotation":0,"texture":"#0","tintindex":0},"down":{"uv":[1.0,6.125,0.0,7.5],"rotation":0,"texture":"#0","tintindex":0}}},{"from":[8.0,-3.8176613,14.031282],"to":[8.0,3.0394826,20.888424],"rotation":{"angle":-45.0,"axis":"x","origin":[7.4357142,2.5985303,0.19363594]},"faces":{"east":{"uv":[1.5,1.625,0.0,3.125],"rotation":0,"texture":"#0","tintindex":0},"south":{"uv":[4.5,11.625,4.5,13.125],"rotation":0,"texture":"#0","tintindex":0},"north":{"uv":[4.375,11.625,4.375,13.125],"rotation":0,"texture":"#0","tintindex":0},"west":{"uv":[0.0,1.625,1.5,3.125],"rotation":0,"texture":"#0","tintindex":0},"up":{"uv":[4.625,13.125,4.625,11.625],"rotation":0,"texture":"#0","tintindex":0},"down":{"uv":[4.75,11.625,4.75,13.125],"rotation":0,"texture":"#0","tintindex":0}}}],"display":{"head":{"translation":[0.0,-6.4,0.0],"scale":[4.0,4.0,4.0]}}}