{"textures":{"0":"modelengine:entity/kitsune_demonic"},"elements":[{"from":[6.857143,5.9830055,5.2010107],"to":[9.142858,8.840149,10.915297],"rotation":{"angle":-45.0,"axis":"x","origin":[7.4357142,10.726973,5.9248233]},"faces":{"east":{"uv":[9.0,1.75,10.25,2.375],"rotation":0,"texture":"#0","tintindex":0},"south":{"uv":[9.875,10.75,10.375,11.375],"rotation":0,"texture":"#0","tintindex":0},"north":{"uv":[9.25,10.75,9.75,11.375],"rotation":0,"texture":"#0","tintindex":0},"west":{"uv":[9.0,2.5,10.25,3.125],"rotation":0,"texture":"#0","tintindex":0},"up":{"uv":[5.5,11.25,5.0,10.0],"rotation":0,"texture":"#0","tintindex":0},"down":{"uv":[6.125,10.0,5.625,11.25],"rotation":0,"texture":"#0","tintindex":0}}}],"display":{"head":{"translation":[0.0,-6.4,0.0],"scale":[4.0,4.0,4.0]}}}