{"textures":{"0":"modelengine:entity/phantom_ender"},"elements":[{"from":[-3.354762,7.5738096,7.6642857],"to":[8.07381,8.716667,17.378572],"rotation":{"angle":0.0,"axis":"y","origin":[15.216667,9.515409,27.52143]},"faces":{"east":{"uv":[9.0625,0.6875,8.0,0.8125],"rotation":0,"texture":"#0","tintindex":0},"south":{"uv":[6.4375,7.75,7.6875,7.875],"rotation":0,"texture":"#0","tintindex":0},"north":{"uv":[5.125,7.625,6.375,7.75],"rotation":0,"texture":"#0","tintindex":0},"west":{"uv":[8.0,0.6875,9.0625,0.8125],"rotation":0,"texture":"#0","tintindex":0},"up":{"uv":[1.25,5.5625,0.0,4.5],"rotation":0,"texture":"#0","tintindex":0},"down":{"uv":[1.25,4.5,0.0,5.5625],"rotation":0,"texture":"#0","tintindex":0}}},{"from":[-3.354762,8.716667,17.378572],"to":[8.07381,8.716667,28.235714],"rotation":{"angle":0.0,"axis":"y","origin":[15.216667,9.515409,27.52143]},"faces":{"east":{"uv":[8.0,4.6875,9.1875,4.6875],"rotation":0,"texture":"#0","tintindex":0},"south":{"uv":[8.125,3.6875,9.375,3.6875],"rotation":0,"texture":"#0","tintindex":0},"north":{"uv":[7.9375,7.25,9.1875,7.25],"rotation":0,"texture":"#0","tintindex":0},"west":{"uv":[8.125,6.4375,9.3125,6.4375],"rotation":0,"texture":"#0","tintindex":0},"up":{"uv":[0.0,4.4375,1.25,3.25],"rotation":0,"texture":"#0","tintindex":0},"down":{"uv":[0.0,3.25,1.25,4.4375],"rotation":0,"texture":"#0","tintindex":0}}},{"from":[-3.4119053,7.2880955,7.3785715],"to":[8.102381,9.002381,8.521429],"rotation":{"angle":0.0,"axis":"y","origin":[15.216667,9.515409,27.52143]},"faces":{"east":{"uv":[5.875,8.1875,6.0,8.375],"rotation":0,"texture":"#0","tintindex":0},"south":{"uv":[0.0,7.1875,1.25,7.375],"rotation":0,"texture":"#0","tintindex":0},"north":{"uv":[5.125,7.125,6.375,7.3125],"rotation":0,"texture":"#0","tintindex":0},"west":{"uv":[0.0,8.25,0.125,8.4375],"rotation":0,"texture":"#0","tintindex":0},"up":{"uv":[9.0,7.875,7.75,7.75],"rotation":0,"texture":"#0","tintindex":0},"down":{"uv":[9.0625,3.75,7.8125,3.875],"rotation":0,"texture":"#0","tintindex":0}}}],"display":{"head":{"translation":[0.0,-6.4,0.0],"scale":[4.0,4.0,4.0]}}}