{"textures":{"0":"modelengine:entity/phantom_ender"},"elements":[{"from":[7.9857144,7.652381,7.804762],"to":[22.27143,8.223809,15.233334],"rotation":{"angle":0.0,"axis":"y","origin":[-10.57143,9.036838,27.661905]},"faces":{"east":{"uv":[7.25,7.625,6.4375,7.6875],"rotation":0,"texture":"#0","tintindex":0},"south":{"uv":[9.75,1.0,8.1875,1.0625],"rotation":0,"texture":"#0","tintindex":0},"north":{"uv":[9.75,0.875,8.1875,0.9375],"rotation":0,"texture":"#0","tintindex":0},"west":{"uv":[7.9375,0.75,7.125,0.8125],"rotation":0,"texture":"#0","tintindex":0},"up":{"uv":[4.8125,1.9375,6.375,1.125],"rotation":0,"texture":"#0","tintindex":0},"down":{"uv":[4.8125,1.125,6.375,1.9375],"rotation":0,"texture":"#0","tintindex":0}}},{"from":[7.9857144,8.223809,15.233334],"to":[24.557144,8.223809,24.37619],"rotation":{"angle":0.0,"axis":"y","origin":[-10.57143,9.036838,27.661905]},"faces":{"east":{"uv":[8.9375,8.3125,7.9375,8.3125],"rotation":0,"texture":"#0","tintindex":0},"south":{"uv":[7.875,8.3125,6.0625,8.3125],"rotation":0,"texture":"#0","tintindex":0},"north":{"uv":[10.0,1.9375,8.1875,1.9375],"rotation":0,"texture":"#0","tintindex":0},"west":{"uv":[8.6875,8.25,7.6875,8.25],"rotation":0,"texture":"#0","tintindex":0},"up":{"uv":[1.625,1.0,3.4375,0.0],"rotation":0,"texture":"#0","tintindex":0},"down":{"uv":[1.625,0.0,3.4375,1.0],"rotation":0,"texture":"#0","tintindex":0}}},{"from":[7.957143,7.3523808,7.5333333],"to":[22.585714,8.495238,8.67619],"rotation":{"angle":0.0,"axis":"y","origin":[-10.57143,9.036838,27.661905]},"faces":{"east":{"uv":[3.25,8.25,3.125,8.375],"rotation":0,"texture":"#0","tintindex":0},"south":{"uv":[9.1875,4.9375,7.5625,5.0625],"rotation":0,"texture":"#0","tintindex":0},"north":{"uv":[3.375,7.4375,1.75,7.5625],"rotation":0,"texture":"#0","tintindex":0},"west":{"uv":[3.0625,8.25,2.9375,8.375],"rotation":0,"texture":"#0","tintindex":0},"up":{"uv":[7.5625,5.25,9.1875,5.125],"rotation":0,"texture":"#0","tintindex":0},"down":{"uv":[7.5625,5.3125,9.1875,5.4375],"rotation":0,"texture":"#0","tintindex":0}}}],"display":{"head":{"translation":[0.0,-6.4,0.0],"scale":[4.0,4.0,4.0]}}}