{"textures":{"0":"modelengine:entity/phantom_ender"},"elements":[{"from":[7.428571,7.142857,8.0],"to":[8.571428,8.857143,17.714287],"rotation":{"angle":0.0,"axis":"y","origin":[8.0,9.655886,-4.714286]},"faces":{"east":{"uv":[0.0,7.625,1.0625,7.8125],"rotation":0,"texture":"#0","tintindex":0},"south":{"uv":[5.6875,8.1875,5.8125,8.375],"rotation":0,"texture":"#0","tintindex":0},"north":{"uv":[5.5,4.375,5.625,4.5625],"rotation":0,"texture":"#0","tintindex":0},"west":{"uv":[1.125,7.625,2.1875,7.8125],"rotation":0,"texture":"#0","tintindex":0},"up":{"uv":[3.8125,8.5,3.6875,7.4375],"rotation":0,"texture":"#0","tintindex":0},"down":{"uv":[4.0,7.4375,3.875,8.5],"rotation":0,"texture":"#0","tintindex":0}}},{"from":[8.0,5.428571,12.0],"to":[8.0,12.857143,22.857143],"rotation":{"angle":0.0,"axis":"y","origin":[8.0,9.655886,-4.714286]},"faces":{"east":{"uv":[2.9375,5.75,4.125,6.5625],"rotation":0,"texture":"#0","tintindex":0},"south":{"uv":[4.5625,6.875,4.5625,7.6875],"rotation":0,"texture":"#0","tintindex":0},"north":{"uv":[1.5625,3.25,1.5625,4.0625],"rotation":0,"texture":"#0","tintindex":0},"west":{"uv":[4.1875,5.75,5.375,6.5625],"rotation":0,"texture":"#0","tintindex":0},"up":{"uv":[4.5625,8.9375,4.5625,7.75],"rotation":0,"texture":"#0","tintindex":0},"down":{"uv":[4.5,8.0625,4.5,9.25],"rotation":0,"texture":"#0","tintindex":0}}}],"display":{"head":{"translation":[0.0,-6.4,0.0],"scale":[4.0,4.0,4.0]}}}