{"textures":{"0":"modelengine:entity/horse_spartan"},"elements":[{"from":[6.0,9.074255,6.1087976],"to":[10.0,15.359969,11.251656],"rotation":{"angle":-22.5,"axis":"x","origin":[8.0,7.168501,13.04677]},"faces":{"east":{"uv":[2.875,6.625,4.0,8.0],"rotation":0,"texture":"#0","tintindex":0},"south":{"uv":[0.0,8.375,0.875,9.75],"rotation":0,"texture":"#0","tintindex":0},"north":{"uv":[6.5,8.125,7.375,9.5],"rotation":0,"texture":"#0","tintindex":0},"west":{"uv":[4.125,6.625,5.25,8.0],"rotation":0,"texture":"#0","tintindex":0},"up":{"uv":[0.875,11.0,0.0,9.875],"rotation":0,"texture":"#0","tintindex":0},"down":{"uv":[7.875,10.0,7.0,11.125],"rotation":0,"texture":"#0","tintindex":0}}},{"from":[7.428571,9.645683,11.251656],"to":[8.571428,15.359969,13.53737],"rotation":{"angle":-22.5,"axis":"x","origin":[8.0,7.168501,13.04677]},"faces":{"east":{"uv":[2.25,11.75,2.75,13.0],"rotation":0,"texture":"#0","tintindex":0},"south":{"uv":[9.75,14.0,10.0,15.25],"rotation":0,"texture":"#0","tintindex":0},"north":{"uv":[3.125,13.875,3.375,15.125],"rotation":0,"texture":"#0","tintindex":0},"west":{"uv":[2.875,11.75,3.375,13.0],"rotation":0,"texture":"#0","tintindex":0},"up":{"uv":[1.5,7.375,1.25,6.875],"rotation":0,"texture":"#0","tintindex":0},"down":{"uv":[9.875,7.75,9.625,8.25],"rotation":0,"texture":"#0","tintindex":0}}},{"from":[5.428571,10.788541,8.680226],"to":[10.571428,15.374254,11.53737],"rotation":{"angle":-22.5,"axis":"x","origin":[7.714286,7.168501,13.04677]},"faces":{"east":{"uv":[12.25,9.75,12.875,10.75],"rotation":0,"texture":"#0","tintindex":0},"south":{"uv":[4.875,9.625,6.0,10.625],"rotation":0,"texture":"#0","tintindex":0},"north":{"uv":[3.625,9.625,4.75,10.625],"rotation":0,"texture":"#0","tintindex":0},"west":{"uv":[12.375,0.0,13.0,1.0],"rotation":0,"texture":"#0","tintindex":0},"up":{"uv":[6.75,11.75,5.625,11.125],"rotation":0,"texture":"#0","tintindex":0},"down":{"uv":[12.375,2.25,11.25,2.875],"rotation":0,"texture":"#0","tintindex":0}}}],"display":{"head":{"translation":[0.0,-6.4,0.0],"scale":[4.0,4.0,4.0]}}}