{"textures":{"0":"modelengine:entity/horse_spartan"},"elements":[{"from":[6.428571,2.2857141,6.928571],"to":[8.714286,8.0,9.214286],"rotation":{"angle":0.0,"axis":"y","origin":[4.714286,13.173248,12.357349]},"faces":{"east":{"uv":[12.0,10.875,12.5,12.125],"rotation":0,"texture":"#0","tintindex":0},"south":{"uv":[0.0,12.125,0.5,13.375],"rotation":0,"texture":"#0","tintindex":0},"north":{"uv":[12.0,8.375,12.5,9.625],"rotation":0,"texture":"#0","tintindex":0},"west":{"uv":[12.125,3.0,12.625,4.25],"rotation":0,"texture":"#0","tintindex":0},"up":{"uv":[6.75,14.75,6.25,14.25],"rotation":0,"texture":"#0","tintindex":0},"down":{"uv":[14.75,6.875,14.25,7.375],"rotation":0,"texture":"#0","tintindex":0}}},{"from":[5.8571424,1.1428566,6.357143],"to":[9.285714,2.2857141,9.785714],"rotation":{"angle":0.0,"axis":"y","origin":[4.714286,13.173248,12.357349]},"faces":{"east":{"uv":[14.375,4.375,15.125,4.625],"rotation":0,"texture":"#0","tintindex":0},"south":{"uv":[14.375,4.75,15.125,5.0],"rotation":0,"texture":"#0","tintindex":0},"north":{"uv":[14.375,2.75,15.125,3.0],"rotation":0,"texture":"#0","tintindex":0},"west":{"uv":[14.375,13.125,15.125,13.375],"rotation":0,"texture":"#0","tintindex":0},"up":{"uv":[4.875,13.5,4.125,12.75],"rotation":0,"texture":"#0","tintindex":0},"down":{"uv":[1.375,12.875,0.625,13.625],"rotation":0,"texture":"#0","tintindex":0}}}],"display":{"head":{"translation":[0.0,-6.4,0.0],"scale":[4.0,4.0,4.0]}}}