{"textures":{"0":"modelengine:entity/horse_spartan"},"elements":[{"from":[5.942857,1.6571422,6.1714287],"to":[9.3714285,8.514286,9.6],"rotation":{"angle":0.0,"axis":"y","origin":[4.8,6.830391,12.171636]},"faces":{"east":{"uv":[9.125,1.625,9.875,3.125],"rotation":0,"texture":"#0","tintindex":0},"south":{"uv":[9.125,0.0,9.875,1.5],"rotation":0,"texture":"#0","tintindex":0},"north":{"uv":[9.125,0.0,9.875,1.5],"rotation":0,"texture":"#0","tintindex":0},"west":{"uv":[9.125,1.625,9.875,3.125],"rotation":0,"texture":"#0","tintindex":0},"up":{"uv":[13.375,13.375,12.625,12.625],"rotation":0,"texture":"#0","tintindex":0},"down":{"uv":[13.5,2.875,12.75,3.625],"rotation":0,"texture":"#0","tintindex":0}}}],"display":{"head":{"translation":[0.0,-6.4,0.0],"scale":[4.0,4.0,4.0]}}}