{"textures":{"0":"modelengine:entity/horse_spartan"},"elements":[{"from":[6.775,10.921927,8.715231],"to":[9.632143,14.350499,13.286659],"rotation":{"angle":45.0,"axis":"x","origin":[5.075,11.465225,3.2865734]},"faces":{"east":{"uv":[4.5,10.75,5.5,11.5],"rotation":0,"texture":"#0","tintindex":0},"south":{"uv":[3.5,13.625,4.125,14.375],"rotation":0,"texture":"#0","tintindex":0},"north":{"uv":[13.625,2.375,14.25,3.125],"rotation":0,"texture":"#0","tintindex":0},"west":{"uv":[2.0,10.875,3.0,11.625],"rotation":0,"texture":"#0","tintindex":0},"up":{"uv":[12.75,7.5,12.125,6.5],"rotation":0,"texture":"#0","tintindex":0},"down":{"uv":[7.375,12.25,6.75,13.25],"rotation":0,"texture":"#0","tintindex":0}}}],"display":{"head":{"translation":[0.0,-6.4,0.0],"scale":[4.0,4.0,4.0]}}}