{"textures":{"0":"modelengine:entity/horse_spartan"},"elements":[{"from":[6.857143,0.5964279,5.415058],"to":[9.142858,4.0249996,8.272201],"rotation":{"angle":-22.5,"axis":"x","origin":[8.0,8.982475,-2.4838982]},"faces":{"east":{"uv":[13.5,11.625,14.125,12.375],"rotation":0,"texture":"#0","tintindex":0},"south":{"uv":[2.0,13.875,2.5,14.625],"rotation":0,"texture":"#0","tintindex":0},"north":{"uv":[1.375,13.875,1.875,14.625],"rotation":0,"texture":"#0","tintindex":0},"west":{"uv":[13.5,12.5,14.125,13.25],"rotation":0,"texture":"#0","tintindex":0},"up":{"uv":[5.5,14.5,5.0,13.875],"rotation":0,"texture":"#0","tintindex":0},"down":{"uv":[14.5,0.625,14.0,1.25],"rotation":0,"texture":"#0","tintindex":0}}}],"display":{"head":{"translation":[0.0,-6.4,0.0],"scale":[4.0,4.0,4.0]}}}