{"textures":{"0":"modelengine:entity/horse_spartan"},"elements":[{"from":[6.5714283,8.114285,6.285714],"to":[9.428572,8.114285,9.714286],"rotation":{"angle":0.0,"axis":"y","origin":[8.0,11.745802,-3.717969]},"faces":{"east":{"uv":[8.0,6.25,8.75,6.25],"rotation":0,"texture":"#0","tintindex":0},"south":{"uv":[8.25,3.0,8.875,3.0],"rotation":0,"texture":"#0","tintindex":0},"north":{"uv":[5.625,4.875,6.25,4.875],"rotation":0,"texture":"#0","tintindex":0},"west":{"uv":[8.25,3.125,9.0,3.125],"rotation":0,"texture":"#0","tintindex":0},"up":{"uv":[14.0,2.25,13.375,1.5],"rotation":0,"texture":"#0","tintindex":0},"down":{"uv":[7.125,13.375,6.5,14.125],"rotation":0,"texture":"#0","tintindex":0}}},{"from":[6.5714283,3.5428567,6.285714],"to":[6.5714283,8.114285,9.714286],"rotation":{"angle":0.0,"axis":"y","origin":[8.0,11.745802,-3.717969]},"faces":{"east":{"uv":[10.625,4.0,11.375,5.0],"rotation":0,"texture":"#0","tintindex":0},"south":{"uv":[1.25,14.375,1.25,15.375],"rotation":0,"texture":"#0","tintindex":0},"north":{"uv":[11.375,14.0,11.375,15.0],"rotation":0,"texture":"#0","tintindex":0},"west":{"uv":[10.625,5.125,11.375,6.125],"rotation":0,"texture":"#0","tintindex":0},"up":{"uv":[11.5,6.125,11.5,5.375],"rotation":0,"texture":"#0","tintindex":0},"down":{"uv":[11.875,10.875,11.875,11.625],"rotation":0,"texture":"#0","tintindex":0}}},{"from":[6.5714283,3.5428567,9.714286],"to":[9.428572,8.114285,9.714286],"rotation":{"angle":0.0,"axis":"y","origin":[8.0,11.745802,-3.717969]},"faces":{"east":{"uv":[4.75,14.5,4.75,15.5],"rotation":0,"texture":"#0","tintindex":0},"south":{"uv":[1.5,11.75,2.125,12.75],"rotation":0,"texture":"#0","tintindex":0},"north":{"uv":[11.625,5.375,12.25,6.375],"rotation":0,"texture":"#0","tintindex":0},"west":{"uv":[4.875,14.5,4.875,15.5],"rotation":0,"texture":"#0","tintindex":0},"up":{"uv":[9.5,6.25,8.875,6.25],"rotation":0,"texture":"#0","tintindex":0},"down":{"uv":[2.125,12.875,1.5,12.875],"rotation":0,"texture":"#0","tintindex":0}}},{"from":[6.5714283,3.5428567,6.285714],"to":[9.428572,8.114285,6.285714],"rotation":{"angle":0.0,"axis":"y","origin":[8.0,11.745802,-3.717969]},"faces":{"east":{"uv":[7.25,14.5,7.25,15.5],"rotation":0,"texture":"#0","tintindex":0},"south":{"uv":[6.0,11.875,6.625,12.875],"rotation":0,"texture":"#0","tintindex":0},"north":{"uv":[5.25,11.875,5.875,12.875],"rotation":0,"texture":"#0","tintindex":0},"west":{"uv":[7.375,14.5,7.375,15.5],"rotation":0,"texture":"#0","tintindex":0},"up":{"uv":[2.125,13.0,1.5,13.0],"rotation":0,"texture":"#0","tintindex":0},"down":{"uv":[14.125,8.375,13.5,8.375],"rotation":0,"texture":"#0","tintindex":0}}},{"from":[9.428572,3.5428567,6.285714],"to":[9.428572,8.114285,9.714286],"rotation":{"angle":0.0,"axis":"y","origin":[8.0,11.745802,-3.717969]},"faces":{"east":{"uv":[10.625,9.875,11.375,10.875],"rotation":0,"texture":"#0","tintindex":0},"south":{"uv":[7.625,14.5,7.625,15.5],"rotation":0,"texture":"#0","tintindex":0},"north":{"uv":[7.5,14.5,7.5,15.5],"rotation":0,"texture":"#0","tintindex":0},"west":{"uv":[3.625,10.75,4.375,11.75],"rotation":0,"texture":"#0","tintindex":0},"up":{"uv":[7.75,15.25,7.75,14.5],"rotation":0,"texture":"#0","tintindex":0},"down":{"uv":[7.875,14.5,7.875,15.25],"rotation":0,"texture":"#0","tintindex":0}}}],"display":{"head":{"translation":[0.0,-6.4,0.0],"scale":[4.0,4.0,4.0]}}}