{"textures":{"0":"modelengine:entity/kitsune_inferno"},"elements":[{"from":[7.1142855,7.0,6.0],"to":[8.885715,8.142858,8.857143],"rotation":{"angle":0.0,"axis":"y","origin":[11.135715,17.667923,13.95866]},"faces":{"east":{"uv":[11.5,7.5,12.125,7.75],"rotation":0,"texture":"#0","tintindex":0},"south":{"uv":[5.0,9.625,5.375,9.875],"rotation":0,"texture":"#0","tintindex":0},"north":{"uv":[8.5,1.75,8.875,2.0],"rotation":0,"texture":"#0","tintindex":0},"west":{"uv":[11.5,7.5,12.125,7.75],"rotation":0,"texture":"#0","tintindex":0},"up":{"uv":[10.875,11.875,10.5,11.25],"rotation":0,"texture":"#0","tintindex":0},"down":{"uv":[11.375,11.25,11.0,11.875],"rotation":0,"texture":"#0","tintindex":0}}}],"display":{"head":{"translation":[0.0,-6.4,0.0],"scale":[4.0,4.0,4.0]}}}