{"textures":{"0":"modelengine:entity/phantom_ender"},"elements":[{"from":[6.5,7.5,7.725],"to":[9.5,10.5,25.725],"faces":{"east":{"uv":[5.125,7.375,6.25,7.5625],"tintindex":0,"rotation":0,"texture":"#0"},"south":{"uv":[2.25,7.625,2.4375,7.8125],"tintindex":0,"rotation":0,"texture":"#0"},"north":{"uv":[5.125,6.875,5.3125,7.0625],"tintindex":0,"rotation":0,"texture":"#0"},"west":{"uv":[7.375,7.3125,8.5,7.5],"tintindex":0,"rotation":0,"texture":"#0"},"up":{"uv":[4.25,8.0,4.0625,6.875],"tintindex":0,"rotation":0,"texture":"#0"},"down":{"uv":[4.5,6.875,4.3125,8.0],"tintindex":0,"rotation":0,"texture":"#0"}}},{"from":[1.5,8.25,18.75],"to":[14.5,10.25,20.75],"faces":{"east":{"uv":[2.5625,8.25,2.6875,8.375],"tintindex":0,"rotation":0,"texture":"#0"},"south":{"uv":[8.125,6.0625,8.9375,6.1875],"tintindex":0,"rotation":0,"texture":"#0"},"north":{"uv":[8.125,3.5,8.9375,3.625],"tintindex":0,"rotation":0,"texture":"#0"},"west":{"uv":[2.75,8.25,2.875,8.375],"tintindex":0,"rotation":0,"texture":"#0"},"up":{"uv":[6.9375,8.25,6.125,8.125],"tintindex":0,"rotation":0,"texture":"#0"},"down":{"uv":[8.9375,6.25,8.125,6.375],"tintindex":0,"rotation":0,"texture":"#0"}}},{"from":[1.5,8.25,11.75],"to":[14.5,10.25,13.75],"faces":{"east":{"uv":[1.5,8.25,1.625,8.375],"tintindex":0,"rotation":0,"texture":"#0"},"south":{"uv":[8.0625,2.9375,8.875,3.0625],"tintindex":0,"rotation":0,"texture":"#0"},"north":{"uv":[8.0625,2.75,8.875,2.875],"tintindex":0,"rotation":0,"texture":"#0"},"west":{"uv":[1.6875,8.25,1.8125,8.375],"tintindex":0,"rotation":0,"texture":"#0"},"up":{"uv":[8.875,3.25,8.0625,3.125],"tintindex":0,"rotation":0,"texture":"#0"},"down":{"uv":[8.875,3.3125,8.0625,3.4375],"tintindex":0,"rotation":0,"texture":"#0"}}},{"from":[-0.5,5.5,7.75],"to":[16.5,9.5,25.75],"faces":{"east":{"uv":[6.8125,4.125,7.9375,4.375],"tintindex":0,"rotation":0,"texture":"#0"},"south":{"uv":[2.9375,6.875,4.0,7.125],"tintindex":0,"rotation":0,"texture":"#0"},"north":{"uv":[1.0,6.875,2.0625,7.125],"tintindex":0,"rotation":0,"texture":"#0"},"west":{"uv":[6.8125,4.4375,7.9375,4.6875],"tintindex":0,"rotation":0,"texture":"#0"},"up":{"uv":[1.0625,6.75,0.0,5.625],"tintindex":0,"rotation":0,"texture":"#0"},"down":{"uv":[6.75,3.75,5.6875,4.875],"tintindex":0,"rotation":0,"texture":"#0"}}},{"from":[8.0,10.5,7.75],"to":[8.0,12.5,25.75],"faces":{"east":{"uv":[9.125,0.3125,8.0,0.4375],"tintindex":0,"rotation":0,"texture":"#0"},"west":{"uv":[8.0,0.3125,9.125,0.4375],"tintindex":0,"rotation":0,"texture":"#0"}}}],"display":{"gui":{"rotation":[30,225,0]}}}