{"textures":{"0":"modelengine:entity/capybara"},"elements":[{"from":[5.0,0.5,3.5],"to":[12.0,9.5,12.5],"faces":{"east":{"uv":[8.875,1.75,10.0,2.875],"tintindex":0,"rotation":0,"texture":"#0"},"south":{"uv":[9.125,3.0,10.0,4.125],"tintindex":0,"rotation":0,"texture":"#0"},"north":{"uv":[9.125,3.0,10.0,4.125],"tintindex":0,"rotation":0,"texture":"#0"},"west":{"uv":[8.875,1.75,10.0,2.875],"tintindex":0,"rotation":0,"texture":"#0"},"up":{"uv":[7.625,10.25,6.75,9.125],"tintindex":0,"rotation":0,"texture":"#0"},"down":{"uv":[7.625,10.25,6.75,9.125],"tintindex":0,"rotation":0,"texture":"#0"}}}],"display":{"gui":{"rotation":[30,225,0]}}}