{"textures":{"0":"modelengine:entity/horse_pegasus"},"elements":[{"from":[5.75,-4.0,5.125],"to":[11.75,-2.0,11.125],"faces":{"east":{"uv":[8.1875,0.5625,8.5625,0.6875],"tintindex":0,"rotation":0,"texture":"#0"},"south":{"uv":[8.1875,2.125,8.5625,2.25],"tintindex":0,"rotation":0,"texture":"#0"},"north":{"uv":[8.1875,0.375,8.5625,0.5],"tintindex":0,"rotation":0,"texture":"#0"},"west":{"uv":[8.1875,2.3125,8.5625,2.4375],"tintindex":0,"rotation":0,"texture":"#0"},"up":{"uv":[7.875,6.5,7.5,6.125],"tintindex":0,"rotation":0,"texture":"#0"},"down":{"uv":[2.75,7.5625,2.375,7.9375],"tintindex":0,"rotation":0,"texture":"#0"}}},{"from":[6.75,-2.0,6.125],"to":[10.75,8.0,10.125],"faces":{"east":{"uv":[5.375,7.0,5.625,7.625],"tintindex":0,"rotation":0,"texture":"#0"},"south":{"uv":[4.5,7.0625,4.75,7.6875],"tintindex":0,"rotation":0,"texture":"#0"},"north":{"uv":[4.9375,6.25,5.1875,6.875],"tintindex":0,"rotation":0,"texture":"#0"},"west":{"uv":[5.6875,7.0625,5.9375,7.6875],"tintindex":0,"rotation":0,"texture":"#0"},"up":{"uv":[2.0,8.3125,1.75,8.0625],"tintindex":0,"rotation":0,"texture":"#0"},"down":{"uv":[6.25,8.0625,6.0,8.3125],"tintindex":0,"rotation":0,"texture":"#0"}}}],"display":{"gui":{"rotation":[30,225,0]}}}