{"textures":{"0":"modelengine:entity/horse_pegasus"},"elements":[{"from":[6.0,-4.956249,3.4763517],"to":[10.0,1.0437498,8.476351],"faces":{"east":{"uv":[7.8125,4.75,8.125,5.125],"tintindex":0,"rotation":0,"texture":"#0"},"south":{"uv":[2.6875,8.0,2.9375,8.375],"tintindex":0,"rotation":0,"texture":"#0"},"north":{"uv":[2.375,8.0,2.625,8.375],"tintindex":0,"rotation":0,"texture":"#0"},"west":{"uv":[7.875,1.5,8.1875,1.875],"tintindex":0,"rotation":0,"texture":"#0"},"up":{"uv":[4.0,8.3125,3.75,8.0],"tintindex":0,"rotation":0,"texture":"#0"},"down":{"uv":[4.3125,8.0,4.0625,8.3125],"tintindex":0,"rotation":0,"texture":"#0"}},"rotation":{"origin":[8.0,9.719332,-10.346821],"angle":-22.5,"axis":"x"}}],"display":{"gui":{"rotation":[30,225,0]}}}