{"textures":{"0":"modelengine:entity/horse_pegasus"},"elements":[{"from":[5.5,-8.679321,2.2271733],"to":[10.5,-2.6793222,7.227173],"faces":{"east":{"uv":[6.0,7.625,6.3125,8.0],"tintindex":0,"rotation":0,"texture":"#0"},"south":{"uv":[5.25,7.6875,5.5625,8.0625],"tintindex":0,"rotation":0,"texture":"#0"},"north":{"uv":[4.125,7.5625,4.4375,7.9375],"tintindex":0,"rotation":0,"texture":"#0"},"west":{"uv":[7.75,3.0625,8.0625,3.4375],"tintindex":0,"rotation":0,"texture":"#0"},"up":{"uv":[7.3125,8.25,7.0,7.9375],"tintindex":0,"rotation":0,"texture":"#0"},"down":{"uv":[1.0625,8.0,0.75,8.3125],"tintindex":0,"rotation":0,"texture":"#0"}},"rotation":{"origin":[8.0,6.5391865,-6.843169],"angle":-45.0,"axis":"x"}}],"display":{"gui":{"rotation":[30,225,0]}}}