{"textures":{"0":"modelengine:entity/horse_pegasus"},"elements":[{"from":[5.5,8.2,5.000001],"to":[10.5,8.2,11.0],"faces":{"up":{"uv":[5.9375,8.125,5.625,7.75],"tintindex":0,"rotation":0,"texture":"#0"},"down":{"uv":[8.125,0.4375,7.8125,0.8125],"tintindex":0,"rotation":0,"texture":"#0"}}},{"from":[5.5,0.19999981,11.0],"to":[10.5,8.2,11.0],"faces":{"south":{"uv":[7.125,2.625,7.4375,3.125],"tintindex":0,"rotation":0,"texture":"#0"},"north":{"uv":[0.375,7.125,0.6875,7.625],"tintindex":0,"rotation":0,"texture":"#0"}}},{"from":[5.5,0.19999981,5.000001],"to":[10.5,8.2,5.000001],"faces":{"south":{"uv":[7.125,6.25,7.4375,6.75],"tintindex":0,"rotation":0,"texture":"#0"},"north":{"uv":[7.125,3.875,7.4375,4.375],"tintindex":0,"rotation":0,"texture":"#0"}}},{"from":[10.5,0.19999981,5.000001],"to":[10.5,8.2,11.0],"faces":{"east":{"uv":[7.0,1.0625,7.375,1.5625],"tintindex":0,"rotation":0,"texture":"#0"},"west":{"uv":[4.9375,7.0,5.3125,7.5],"tintindex":0,"rotation":0,"texture":"#0"}}},{"from":[5.5,0.19999981,5.000001],"to":[5.5,8.2,11.0],"faces":{"east":{"uv":[1.75,6.8125,2.125,7.3125],"tintindex":0,"rotation":0,"texture":"#0"},"west":{"uv":[6.5625,6.8125,6.9375,7.3125],"tintindex":0,"rotation":0,"texture":"#0"}}}],"display":{"gui":{"rotation":[30,225,0]}}}