{"textures":{"0":"modelengine:entity/phoenix_darkflame"},"elements":[{"from":[8.0,6.4873147,11.043668],"to":[8.0,7.4873147,12.043668],"faces":{"east":{"uv":[7.875,7.5,7.9375,7.5625],"tintindex":0,"rotation":0,"texture":"#0"},"west":{"uv":[7.875,7.625,7.9375,7.6875],"tintindex":0,"rotation":0,"texture":"#0"}}},{"from":[7.5,6.4873147,9.043668],"to":[8.5,7.4873147,11.043668],"faces":{"east":{"uv":[0.3125,7.25,0.4375,7.3125],"tintindex":0,"rotation":0,"texture":"#0"},"south":{"uv":[7.875,5.1875,7.9375,5.25],"tintindex":0,"rotation":0,"texture":"#0"},"north":{"uv":[4.75,7.3125,4.8125,7.375],"tintindex":0,"rotation":0,"texture":"#0"},"west":{"uv":[3.4375,7.375,3.5625,7.4375],"tintindex":0,"rotation":0,"texture":"#0"},"up":{"uv":[4.9375,5.9375,4.875,5.8125],"tintindex":0,"rotation":0,"texture":"#0"},"down":{"uv":[7.4375,7.5625,7.375,7.6875],"tintindex":0,"rotation":0,"texture":"#0"}}},{"from":[6.525,3.3358617,11.176161],"to":[6.525,4.3358617,12.176161],"faces":{"east":{"uv":[7.875,5.3125,7.9375,5.375],"tintindex":0,"rotation":0,"texture":"#0"},"west":{"uv":[7.875,5.4375,7.9375,5.5],"tintindex":0,"rotation":0,"texture":"#0"}},"rotation":{"origin":[-9.458103,16.7724,7.0710506],"angle":22.5,"axis":"x"}},{"from":[9.475,3.3358617,11.176161],"to":[9.475,4.3358617,12.176161],"faces":{"east":{"uv":[7.875,7.0,7.9375,7.0625],"tintindex":0,"rotation":0,"texture":"#0"},"west":{"uv":[7.875,7.125,7.9375,7.1875],"tintindex":0,"rotation":0,"texture":"#0"}},"rotation":{"origin":[-9.458103,16.7724,7.0710506],"angle":22.5,"axis":"x"}},{"from":[6.525,4.3358617,11.176161],"to":[9.475,7.3358617,12.176161],"faces":{"east":{"uv":[4.75,7.0625,4.8125,7.25],"tintindex":0,"rotation":0,"texture":"#0"},"south":{"uv":[0.0,7.6875,0.1875,7.875],"tintindex":0,"rotation":0,"texture":"#0"},"north":{"uv":[7.125,7.5625,7.3125,7.75],"tintindex":0,"rotation":0,"texture":"#0"},"west":{"uv":[0.5,7.8125,0.5625,8.0],"tintindex":0,"rotation":0,"texture":"#0"},"up":{"uv":[6.5625,7.875,6.375,7.8125],"tintindex":0,"rotation":0,"texture":"#0"},"down":{"uv":[6.8125,7.8125,6.625,7.875],"tintindex":0,"rotation":0,"texture":"#0"}},"rotation":{"origin":[-9.458103,16.7724,7.0710506],"angle":22.5,"axis":"x"}},{"from":[6.5,8.062002,-0.6174116],"to":[9.5,10.062002,2.3825884],"faces":{"east":{"uv":[7.5625,5.875,7.75,6.0],"tintindex":0,"rotation":0,"texture":"#0"},"south":{"uv":[1.0625,7.75,1.25,7.875],"tintindex":0,"rotation":0,"texture":"#0"},"north":{"uv":[1.0,6.875,1.1875,7.0],"tintindex":0,"rotation":0,"texture":"#0"},"west":{"uv":[7.75,2.9375,7.9375,3.0625],"tintindex":0,"rotation":0,"texture":"#0"},"up":{"uv":[6.8125,7.75,6.625,7.5625],"tintindex":0,"rotation":0,"texture":"#0"},"down":{"uv":[7.0625,7.5625,6.875,7.75],"tintindex":0,"rotation":0,"texture":"#0"}},"rotation":{"origin":[-9.458103,16.7724,7.0710506],"angle":-45.0,"axis":"x"}},{"from":[8.0,3.3358617,11.176161],"to":[8.0,4.3358617,12.176161],"faces":{"east":{"uv":[7.875,7.25,7.9375,7.3125],"tintindex":0,"rotation":0,"texture":"#0"},"west":{"uv":[7.875,7.375,7.9375,7.4375],"tintindex":0,"rotation":0,"texture":"#0"}},"rotation":{"origin":[-9.458103,16.7724,7.0710506],"angle":22.5,"axis":"x"}}],"display":{"gui":{"rotation":[30,225,0]}}}