{"overrides":[{"predicate":{"custom_model_data":1},"model":"modelengine:capybara/upper_body"},{"predicate":{"custom_model_data":2},"model":"modelengine:capybara/left_leg"},{"predicate":{"custom_model_data":3},"model":"modelengine:capybara/right_leg"},{"predicate":{"custom_model_data":4},"model":"modelengine:capybara/head"},{"predicate":{"custom_model_data":5},"model":"modelengine:capybara/right_arm"},{"predicate":{"custom_model_data":6},"model":"modelengine:capybara/left_arm"},{"predicate":{"custom_model_data":7},"model":"modelengine:capybara/left_ankle"},{"predicate":{"custom_model_data":8},"model":"modelengine:capybara/right_ankle"},{"predicate":{"custom_model_data":9},"model":"modelengine:capybara/right_wrist"},{"predicate":{"custom_model_data":10},"model":"modelengine:capybara/left_wrist"},{"predicate":{"custom_model_data":11},"model":"modelengine:horse_glacial/upper_body"},{"predicate":{"custom_model_data":12},"model":"modelengine:horse_glacial/left_thigh"},{"predicate":{"custom_model_data":13},"model":"modelengine:horse_glacial/right_thigh"},{"predicate":{"custom_model_data":14},"model":"modelengine:horse_glacial/chest"},{"predicate":{"custom_model_data":15},"model":"modelengine:horse_glacial/tail"},{"predicate":{"custom_model_data":16},"model":"modelengine:horse_glacial/left_leg"},{"predicate":{"custom_model_data":17},"model":"modelengine:horse_glacial/right_leg"},{"predicate":{"custom_model_data":18},"model":"modelengine:horse_glacial/right_arm"},{"predicate":{"custom_model_data":19},"model":"modelengine:horse_glacial/left_arm"},{"predicate":{"custom_model_data":20},"model":"modelengine:horse_glacial/neck"},{"predicate":{"custom_model_data":21},"model":"modelengine:horse_glacial/tail_mid"},{"predicate":{"custom_model_data":22},"model":"modelengine:horse_glacial/left_ankle"},{"predicate":{"custom_model_data":23},"model":"modelengine:horse_glacial/right_ankle"},{"predicate":{"custom_model_data":24},"model":"modelengine:horse_glacial/right_wrist"},{"predicate":{"custom_model_data":25},"model":"modelengine:horse_glacial/left_wrist"},{"predicate":{"custom_model_data":26},"model":"modelengine:horse_glacial/head"},{"predicate":{"custom_model_data":27},"model":"modelengine:horse_glacial/tail_end"},{"predicate":{"custom_model_data":28},"model":"modelengine:horse_magma/upper_body"},{"predicate":{"custom_model_data":29},"model":"modelengine:horse_magma/left_thigh"},{"predicate":{"custom_model_data":30},"model":"modelengine:horse_magma/right_thigh"},{"predicate":{"custom_model_data":31},"model":"modelengine:horse_magma/chest"},{"predicate":{"custom_model_data":32},"model":"modelengine:horse_magma/tail"},{"predicate":{"custom_model_data":33},"model":"modelengine:horse_magma/left_leg"},{"predicate":{"custom_model_data":34},"model":"modelengine:horse_magma/right_leg"},{"predicate":{"custom_model_data":35},"model":"modelengine:horse_magma/right_arm"},{"predicate":{"custom_model_data":36},"model":"modelengine:horse_magma/left_arm"},{"predicate":{"custom_model_data":37},"model":"modelengine:horse_magma/neck"},{"predicate":{"custom_model_data":38},"model":"modelengine:horse_magma/tail_mid"},{"predicate":{"custom_model_data":39},"model":"modelengine:horse_magma/left_ankle"},{"predicate":{"custom_model_data":40},"model":"modelengine:horse_magma/right_ankle"},{"predicate":{"custom_model_data":41},"model":"modelengine:horse_magma/right_wrist"},{"predicate":{"custom_model_data":42},"model":"modelengine:horse_magma/left_wrist"},{"predicate":{"custom_model_data":43},"model":"modelengine:horse_magma/head"},{"predicate":{"custom_model_data":44},"model":"modelengine:horse_magma/tail_end"},{"predicate":{"custom_model_data":45},"model":"modelengine:horse_pegasus/upper_body"},{"predicate":{"custom_model_data":46},"model":"modelengine:horse_pegasus/left_thigh"},{"predicate":{"custom_model_data":47},"model":"modelengine:horse_pegasus/right_thigh"},{"predicate":{"custom_model_data":48},"model":"modelengine:horse_pegasus/chest"},{"predicate":{"custom_model_data":49},"model":"modelengine:horse_pegasus/tail"},{"predicate":{"custom_model_data":50},"model":"modelengine:horse_pegasus/left_leg"},{"predicate":{"custom_model_data":51},"model":"modelengine:horse_pegasus/right_leg"},{"predicate":{"custom_model_data":52},"model":"modelengine:horse_pegasus/right_arm"},{"predicate":{"custom_model_data":53},"model":"modelengine:horse_pegasus/left_arm"},{"predicate":{"custom_model_data":54},"model":"modelengine:horse_pegasus/right_wing"},{"predicate":{"custom_model_data":55},"model":"modelengine:horse_pegasus/left_wing"},{"predicate":{"custom_model_data":56},"model":"modelengine:horse_pegasus/neck"},{"predicate":{"custom_model_data":57},"model":"modelengine:horse_pegasus/tail_mid"},{"predicate":{"custom_model_data":58},"model":"modelengine:horse_pegasus/left_ankle"},{"predicate":{"custom_model_data":59},"model":"modelengine:horse_pegasus/right_ankle"},{"predicate":{"custom_model_data":60},"model":"modelengine:horse_pegasus/right_wrist"},{"predicate":{"custom_model_data":61},"model":"modelengine:horse_pegasus/left_wrist"},{"predicate":{"custom_model_data":62},"model":"modelengine:horse_pegasus/right_wing_mid"},{"predicate":{"custom_model_data":63},"model":"modelengine:horse_pegasus/left_wing_mid"},{"predicate":{"custom_model_data":64},"model":"modelengine:horse_pegasus/head"},{"predicate":{"custom_model_data":65},"model":"modelengine:horse_pegasus/tail_end"},{"predicate":{"custom_model_data":66},"model":"modelengine:horse_pegasus/right_wing_end"},{"predicate":{"custom_model_data":67},"model":"modelengine:horse_pegasus/left_wing_end"},{"predicate":{"custom_model_data":68},"model":"modelengine:horse_spartan/upper_body"},{"predicate":{"custom_model_data":69},"model":"modelengine:horse_spartan/left_thigh"},{"predicate":{"custom_model_data":70},"model":"modelengine:horse_spartan/right_thigh"},{"predicate":{"custom_model_data":71},"model":"modelengine:horse_spartan/chest"},{"predicate":{"custom_model_data":72},"model":"modelengine:horse_spartan/tail"},{"predicate":{"custom_model_data":73},"model":"modelengine:horse_spartan/left_leg"},{"predicate":{"custom_model_data":74},"model":"modelengine:horse_spartan/right_leg"},{"predicate":{"custom_model_data":75},"model":"modelengine:horse_spartan/right_arm"},{"predicate":{"custom_model_data":76},"model":"modelengine:horse_spartan/left_arm"},{"predicate":{"custom_model_data":77},"model":"modelengine:horse_spartan/neck"},{"predicate":{"custom_model_data":78},"model":"modelengine:horse_spartan/tail_mid"},{"predicate":{"custom_model_data":79},"model":"modelengine:horse_spartan/left_ankle"},{"predicate":{"custom_model_data":80},"model":"modelengine:horse_spartan/right_ankle"},{"predicate":{"custom_model_data":81},"model":"modelengine:horse_spartan/right_wrist"},{"predicate":{"custom_model_data":82},"model":"modelengine:horse_spartan/left_wrist"},{"predicate":{"custom_model_data":83},"model":"modelengine:horse_spartan/head"},{"predicate":{"custom_model_data":84},"model":"modelengine:horse_spartan/tail_end"},{"predicate":{"custom_model_data":85},"model":"modelengine:horse_unicorn/upper_body"},{"predicate":{"custom_model_data":86},"model":"modelengine:horse_unicorn/left_thigh"},{"predicate":{"custom_model_data":87},"model":"modelengine:horse_unicorn/right_thigh"},{"predicate":{"custom_model_data":88},"model":"modelengine:horse_unicorn/chest"},{"predicate":{"custom_model_data":89},"model":"modelengine:horse_unicorn/tail"},{"predicate":{"custom_model_data":90},"model":"modelengine:horse_unicorn/left_leg"},{"predicate":{"custom_model_data":91},"model":"modelengine:horse_unicorn/right_leg"},{"predicate":{"custom_model_data":92},"model":"modelengine:horse_unicorn/right_arm"},{"predicate":{"custom_model_data":93},"model":"modelengine:horse_unicorn/left_arm"},{"predicate":{"custom_model_data":94},"model":"modelengine:horse_unicorn/neck"},{"predicate":{"custom_model_data":95},"model":"modelengine:horse_unicorn/tail_mid"},{"predicate":{"custom_model_data":96},"model":"modelengine:horse_unicorn/left_ankle"},{"predicate":{"custom_model_data":97},"model":"modelengine:horse_unicorn/right_ankle"},{"predicate":{"custom_model_data":98},"model":"modelengine:horse_unicorn/right_wrist"},{"predicate":{"custom_model_data":99},"model":"modelengine:horse_unicorn/left_wrist"},{"predicate":{"custom_model_data":100},"model":"modelengine:horse_unicorn/head"},{"predicate":{"custom_model_data":101},"model":"modelengine:horse_unicorn/tail_end"},{"predicate":{"custom_model_data":102},"model":"modelengine:kitsune_demonic/upper_body"},{"predicate":{"custom_model_data":103},"model":"modelengine:kitsune_demonic/left_thigh"},{"predicate":{"custom_model_data":104},"model":"modelengine:kitsune_demonic/right_thigh"},{"predicate":{"custom_model_data":105},"model":"modelengine:kitsune_demonic/chest"},{"predicate":{"custom_model_data":106},"model":"modelengine:kitsune_demonic/tail_right"},{"predicate":{"custom_model_data":107},"model":"modelengine:kitsune_demonic/tail_mid"},{"predicate":{"custom_model_data":108},"model":"modelengine:kitsune_demonic/tail_last_right"},{"predicate":{"custom_model_data":109},"model":"modelengine:kitsune_demonic/tail_last_left"},{"predicate":{"custom_model_data":110},"model":"modelengine:kitsune_demonic/tail_left"},{"predicate":{"custom_model_data":111},"model":"modelengine:kitsune_demonic/left_leg"},{"predicate":{"custom_model_data":112},"model":"modelengine:kitsune_demonic/right_leg"},{"predicate":{"custom_model_data":113},"model":"modelengine:kitsune_demonic/right_arm"},{"predicate":{"custom_model_data":114},"model":"modelengine:kitsune_demonic/left_arm"},{"predicate":{"custom_model_data":115},"model":"modelengine:kitsune_demonic/neck"},{"predicate":{"custom_model_data":116},"model":"modelengine:kitsune_demonic/tail_right_mid"},{"predicate":{"custom_model_data":117},"model":"modelengine:kitsune_demonic/tail_mid_mid"},{"predicate":{"custom_model_data":118},"model":"modelengine:kitsune_demonic/tail_last_right_mid"},{"predicate":{"custom_model_data":119},"model":"modelengine:kitsune_demonic/tail_last_left_mid"},{"predicate":{"custom_model_data":120},"model":"modelengine:kitsune_demonic/tail_left_mid"},{"predicate":{"custom_model_data":121},"model":"modelengine:kitsune_demonic/left_ankle"},{"predicate":{"custom_model_data":122},"model":"modelengine:kitsune_demonic/right_ankle"},{"predicate":{"custom_model_data":123},"model":"modelengine:kitsune_demonic/right_wrist"},{"predicate":{"custom_model_data":124},"model":"modelengine:kitsune_demonic/left_wrist"},{"predicate":{"custom_model_data":125},"model":"modelengine:kitsune_demonic/head"},{"predicate":{"custom_model_data":126},"model":"modelengine:kitsune_demonic/tail_right_end"},{"predicate":{"custom_model_data":127},"model":"modelengine:kitsune_demonic/tail_mid_end"},{"predicate":{"custom_model_data":128},"model":"modelengine:kitsune_demonic/tail_last_right_end"},{"predicate":{"custom_model_data":129},"model":"modelengine:kitsune_demonic/tail_last_left_end"},{"predicate":{"custom_model_data":130},"model":"modelengine:kitsune_demonic/tail_left_end"},{"predicate":{"custom_model_data":131},"model":"modelengine:kitsune_demonic/left_foot"},{"predicate":{"custom_model_data":132},"model":"modelengine:kitsune_demonic/right_foot"},{"predicate":{"custom_model_data":133},"model":"modelengine:kitsune_demonic/right_hand"},{"predicate":{"custom_model_data":134},"model":"modelengine:kitsune_demonic/left_hand"},{"predicate":{"custom_model_data":135},"model":"modelengine:kitsune_inferno/upper_body"},{"predicate":{"custom_model_data":136},"model":"modelengine:kitsune_inferno/left_thigh"},{"predicate":{"custom_model_data":137},"model":"modelengine:kitsune_inferno/right_thigh"},{"predicate":{"custom_model_data":138},"model":"modelengine:kitsune_inferno/chest"},{"predicate":{"custom_model_data":139},"model":"modelengine:kitsune_inferno/tail_right"},{"predicate":{"custom_model_data":140},"model":"modelengine:kitsune_inferno/tail_mid"},{"predicate":{"custom_model_data":141},"model":"modelengine:kitsune_inferno/tail_last_right"},{"predicate":{"custom_model_data":142},"model":"modelengine:kitsune_inferno/tail_last_left"},{"predicate":{"custom_model_data":143},"model":"modelengine:kitsune_inferno/tail_left"},{"predicate":{"custom_model_data":144},"model":"modelengine:kitsune_inferno/left_leg"},{"predicate":{"custom_model_data":145},"model":"modelengine:kitsune_inferno/right_leg"},{"predicate":{"custom_model_data":146},"model":"modelengine:kitsune_inferno/right_arm"},{"predicate":{"custom_model_data":147},"model":"modelengine:kitsune_inferno/left_arm"},{"predicate":{"custom_model_data":148},"model":"modelengine:kitsune_inferno/neck"},{"predicate":{"custom_model_data":149},"model":"modelengine:kitsune_inferno/tail_right_mid"},{"predicate":{"custom_model_data":150},"model":"modelengine:kitsune_inferno/tail_mid_mid"},{"predicate":{"custom_model_data":151},"model":"modelengine:kitsune_inferno/tail_last_right_mid"},{"predicate":{"custom_model_data":152},"model":"modelengine:kitsune_inferno/tail_last_left_mid"},{"predicate":{"custom_model_data":153},"model":"modelengine:kitsune_inferno/tail_left_mid"},{"predicate":{"custom_model_data":154},"model":"modelengine:kitsune_inferno/left_ankle"},{"predicate":{"custom_model_data":155},"model":"modelengine:kitsune_inferno/right_ankle"},{"predicate":{"custom_model_data":156},"model":"modelengine:kitsune_inferno/right_wrist"},{"predicate":{"custom_model_data":157},"model":"modelengine:kitsune_inferno/left_wrist"},{"predicate":{"custom_model_data":158},"model":"modelengine:kitsune_inferno/head"},{"predicate":{"custom_model_data":159},"model":"modelengine:kitsune_inferno/tail_right_end"},{"predicate":{"custom_model_data":160},"model":"modelengine:kitsune_inferno/tail_mid_end"},{"predicate":{"custom_model_data":161},"model":"modelengine:kitsune_inferno/tail_last_right_end"},{"predicate":{"custom_model_data":162},"model":"modelengine:kitsune_inferno/tail_last_left_end"},{"predicate":{"custom_model_data":163},"model":"modelengine:kitsune_inferno/tail_left_end"},{"predicate":{"custom_model_data":164},"model":"modelengine:kitsune_inferno/left_foot"},{"predicate":{"custom_model_data":165},"model":"modelengine:kitsune_inferno/right_foot"},{"predicate":{"custom_model_data":166},"model":"modelengine:kitsune_inferno/right_hand"},{"predicate":{"custom_model_data":167},"model":"modelengine:kitsune_inferno/left_hand"},{"predicate":{"custom_model_data":168},"model":"modelengine:kitsune_normal/upper_body"},{"predicate":{"custom_model_data":169},"model":"modelengine:kitsune_normal/left_thigh"},{"predicate":{"custom_model_data":170},"model":"modelengine:kitsune_normal/right_thigh"},{"predicate":{"custom_model_data":171},"model":"modelengine:kitsune_normal/chest"},{"predicate":{"custom_model_data":172},"model":"modelengine:kitsune_normal/tail_right"},{"predicate":{"custom_model_data":173},"model":"modelengine:kitsune_normal/tail_mid"},{"predicate":{"custom_model_data":174},"model":"modelengine:kitsune_normal/tail_last_right"},{"predicate":{"custom_model_data":175},"model":"modelengine:kitsune_normal/tail_last_left"},{"predicate":{"custom_model_data":176},"model":"modelengine:kitsune_normal/tail_left"},{"predicate":{"custom_model_data":177},"model":"modelengine:kitsune_normal/left_leg"},{"predicate":{"custom_model_data":178},"model":"modelengine:kitsune_normal/right_leg"},{"predicate":{"custom_model_data":179},"model":"modelengine:kitsune_normal/right_arm"},{"predicate":{"custom_model_data":180},"model":"modelengine:kitsune_normal/left_arm"},{"predicate":{"custom_model_data":181},"model":"modelengine:kitsune_normal/neck"},{"predicate":{"custom_model_data":182},"model":"modelengine:kitsune_normal/tail_right_mid"},{"predicate":{"custom_model_data":183},"model":"modelengine:kitsune_normal/tail_mid_mid"},{"predicate":{"custom_model_data":184},"model":"modelengine:kitsune_normal/tail_last_right_mid"},{"predicate":{"custom_model_data":185},"model":"modelengine:kitsune_normal/tail_last_left_mid"},{"predicate":{"custom_model_data":186},"model":"modelengine:kitsune_normal/tail_left_mid"},{"predicate":{"custom_model_data":187},"model":"modelengine:kitsune_normal/left_ankle"},{"predicate":{"custom_model_data":188},"model":"modelengine:kitsune_normal/right_ankle"},{"predicate":{"custom_model_data":189},"model":"modelengine:kitsune_normal/right_wrist"},{"predicate":{"custom_model_data":190},"model":"modelengine:kitsune_normal/left_wrist"},{"predicate":{"custom_model_data":191},"model":"modelengine:kitsune_normal/head"},{"predicate":{"custom_model_data":192},"model":"modelengine:kitsune_normal/tail_right_end"},{"predicate":{"custom_model_data":193},"model":"modelengine:kitsune_normal/tail_mid_end"},{"predicate":{"custom_model_data":194},"model":"modelengine:kitsune_normal/tail_last_right_end"},{"predicate":{"custom_model_data":195},"model":"modelengine:kitsune_normal/tail_last_left_end"},{"predicate":{"custom_model_data":196},"model":"modelengine:kitsune_normal/tail_left_end"},{"predicate":{"custom_model_data":197},"model":"modelengine:kitsune_normal/left_foot"},{"predicate":{"custom_model_data":198},"model":"modelengine:kitsune_normal/right_foot"},{"predicate":{"custom_model_data":199},"model":"modelengine:kitsune_normal/right_hand"},{"predicate":{"custom_model_data":200},"model":"modelengine:kitsune_normal/left_hand"},{"predicate":{"custom_model_data":201},"model":"modelengine:phantom_ender/upper_body"},{"predicate":{"custom_model_data":202},"model":"modelengine:phantom_ender/tail"},{"predicate":{"custom_model_data":203},"model":"modelengine:phantom_ender/head"},{"predicate":{"custom_model_data":204},"model":"modelengine:phantom_ender/right_wing"},{"predicate":{"custom_model_data":205},"model":"modelengine:phantom_ender/left_wing"},{"predicate":{"custom_model_data":206},"model":"modelengine:phantom_ender/tail_mid"},{"predicate":{"custom_model_data":207},"model":"modelengine:phantom_ender/right_wing_end"},{"predicate":{"custom_model_data":208},"model":"modelengine:phantom_ender/left_wing_end"},{"predicate":{"custom_model_data":209},"model":"modelengine:phantom_ender/tail_end"},{"predicate":{"custom_model_data":210},"model":"modelengine:phantom_ghost/upper_body"},{"predicate":{"custom_model_data":211},"model":"modelengine:phantom_ghost/tail"},{"predicate":{"custom_model_data":212},"model":"modelengine:phantom_ghost/head"},{"predicate":{"custom_model_data":213},"model":"modelengine:phantom_ghost/right_wing"},{"predicate":{"custom_model_data":214},"model":"modelengine:phantom_ghost/left_wing"},{"predicate":{"custom_model_data":215},"model":"modelengine:phantom_ghost/tail_mid"},{"predicate":{"custom_model_data":216},"model":"modelengine:phantom_ghost/right_wing_end"},{"predicate":{"custom_model_data":217},"model":"modelengine:phantom_ghost/left_wing_end"},{"predicate":{"custom_model_data":218},"model":"modelengine:phantom_ghost/tail_end"},{"predicate":{"custom_model_data":219},"model":"modelengine:phoenix_darkflame/upper_body"},{"predicate":{"custom_model_data":220},"model":"modelengine:phoenix_darkflame/left_leg"},{"predicate":{"custom_model_data":221},"model":"modelengine:phoenix_darkflame/right_leg"},{"predicate":{"custom_model_data":222},"model":"modelengine:phoenix_darkflame/right_wing"},{"predicate":{"custom_model_data":223},"model":"modelengine:phoenix_darkflame/left_wing"},{"predicate":{"custom_model_data":224},"model":"modelengine:phoenix_darkflame/tail_right"},{"predicate":{"custom_model_data":225},"model":"modelengine:phoenix_darkflame/tail_mid"},{"predicate":{"custom_model_data":226},"model":"modelengine:phoenix_darkflame/neck"},{"predicate":{"custom_model_data":227},"model":"modelengine:phoenix_darkflame/tail_left"},{"predicate":{"custom_model_data":228},"model":"modelengine:phoenix_darkflame/left_ankle"},{"predicate":{"custom_model_data":229},"model":"modelengine:phoenix_darkflame/right_ankle"},{"predicate":{"custom_model_data":230},"model":"modelengine:phoenix_darkflame/right_wing_mid"},{"predicate":{"custom_model_data":231},"model":"modelengine:phoenix_darkflame/left_wing_mid"},{"predicate":{"custom_model_data":232},"model":"modelengine:phoenix_darkflame/tail_right_mid"},{"predicate":{"custom_model_data":233},"model":"modelengine:phoenix_darkflame/tail_mid_mid"},{"predicate":{"custom_model_data":234},"model":"modelengine:phoenix_darkflame/upper_neck"},{"predicate":{"custom_model_data":235},"model":"modelengine:phoenix_darkflame/tail_left_mid"},{"predicate":{"custom_model_data":236},"model":"modelengine:phoenix_darkflame/left_foot"},{"predicate":{"custom_model_data":237},"model":"modelengine:phoenix_darkflame/right_foot"},{"predicate":{"custom_model_data":238},"model":"modelengine:phoenix_darkflame/right_wing_end"},{"predicate":{"custom_model_data":239},"model":"modelengine:phoenix_darkflame/left_wing_end"},{"predicate":{"custom_model_data":240},"model":"modelengine:phoenix_darkflame/tail_right_end"},{"predicate":{"custom_model_data":241},"model":"modelengine:phoenix_darkflame/tail_mid_end"},{"predicate":{"custom_model_data":242},"model":"modelengine:phoenix_darkflame/head"},{"predicate":{"custom_model_data":243},"model":"modelengine:phoenix_darkflame/tail_left_end"}],"parent":"minecraft:item/generated","textures":{"layer0":"minecraft:item/leather_horse_armor"}}