{"textures":{"0":"modelengine:entity/phoenix_darkflame"},"elements":[{"from":[6.285714,-3.9443264,7.48342],"to":[9.714286,1.1985307,11.48342],"rotation":{"angle":45.0,"axis":"x","origin":[-4.4046307,7.0551767,20.86392]},"faces":{"east":{"uv":[0.0,6.625,0.4375,7.1875],"rotation":0,"texture":"#0","tintindex":0},"south":{"uv":[6.8125,5.75,7.1875,6.3125],"rotation":0,"texture":"#0","tintindex":0},"north":{"uv":[4.875,6.8125,5.25,7.375],"rotation":0,"texture":"#0","tintindex":0},"west":{"uv":[5.5,6.75,5.9375,7.3125],"rotation":0,"texture":"#0","tintindex":0},"up":{"uv":[7.0,7.5,6.625,7.0625],"rotation":0,"texture":"#0","tintindex":0},"down":{"uv":[7.4375,7.0625,7.0625,7.5],"rotation":0,"texture":"#0","tintindex":0}}}],"display":{"head":{"translation":[0.0,-6.4,0.0],"scale":[4.0,4.0,4.0]}}}