{"textures":{"0":"modelengine:entity/horse_magma"},"elements":[{"from":[5.25,-2.0,6.125],"to":[9.25,8.0,10.125],"faces":{"east":{"uv":[1.9375,5.8125,1.6875,6.4375],"tintindex":0,"rotation":0,"texture":"#0"},"south":{"uv":[6.0,1.6875,5.75,2.3125],"tintindex":0,"rotation":0,"texture":"#0"},"north":{"uv":[1.25,5.6875,1.0,6.3125],"tintindex":0,"rotation":0,"texture":"#0"},"west":{"uv":[6.0,1.0,5.75,1.625],"tintindex":0,"rotation":0,"texture":"#0"},"up":{"uv":[4.25,3.0625,4.5,2.8125],"tintindex":0,"rotation":0,"texture":"#0"},"down":{"uv":[6.8125,0.6875,7.0625,0.9375],"tintindex":0,"rotation":0,"texture":"#0"}}},{"from":[7.25,-2.0,10.125],"to":[7.25,8.0,15.125],"faces":{"east":{"uv":[5.5625,0.0,5.25,0.625],"tintindex":0,"rotation":0,"texture":"#0"},"west":{"uv":[5.25,0.0,5.5625,0.625],"tintindex":0,"rotation":0,"texture":"#0"}}},{"from":[4.25,-4.0,5.125],"to":[10.25,-2.0,11.125],"faces":{"east":{"uv":[7.3125,3.1875,6.9375,3.3125],"tintindex":0,"rotation":0,"texture":"#0"},"south":{"uv":[3.5,6.9375,3.125,7.0625],"tintindex":0,"rotation":0,"texture":"#0"},"north":{"uv":[3.625,3.9375,3.25,4.0625],"tintindex":0,"rotation":0,"texture":"#0"},"west":{"uv":[7.3125,3.0,6.9375,3.125],"tintindex":0,"rotation":0,"texture":"#0"},"up":{"uv":[6.1875,6.0625,6.5625,5.6875],"tintindex":0,"rotation":0,"texture":"#0"},"down":{"uv":[6.1875,6.125,6.5625,6.5],"tintindex":0,"rotation":0,"texture":"#0"}}}],"display":{"gui":{"rotation":[30,225,0]}}}