{"textures":{"0":"modelengine:entity/phantom_ghost"},"elements":[{"from":[0.5,4.0,-4.166666],"to":[15.5,9.0,8.833334],"faces":{"east":{"uv":[7.0625,6.5625,7.875,6.875],"tintindex":0,"rotation":0,"texture":"#0"},"south":{"uv":[6.8125,3.75,7.75,4.0625],"tintindex":0,"rotation":0,"texture":"#0"},"north":{"uv":[0.0,6.8125,0.9375,7.125],"tintindex":0,"rotation":0,"texture":"#0"},"west":{"uv":[7.0625,6.9375,7.875,7.25],"tintindex":0,"rotation":0,"texture":"#0"},"up":{"uv":[2.0625,6.8125,1.125,6.0],"tintindex":0,"rotation":0,"texture":"#0"},"down":{"uv":[7.0625,0.0,6.125,0.8125],"tintindex":0,"rotation":0,"texture":"#0"}}},{"from":[8.0,10.0,-1.166666],"to":[8.0,12.0,4.833334],"faces":{"east":{"uv":[4.4375,8.0625,4.0625,8.1875],"tintindex":0,"rotation":0,"texture":"#0"},"west":{"uv":[4.0625,8.0625,4.4375,8.1875],"tintindex":0,"rotation":0,"texture":"#0"}}},{"from":[6.5,9.0,-1.166666],"to":[9.5,10.0,4.833334],"faces":{"east":{"uv":[7.5625,6.0625,7.9375,6.125],"tintindex":0,"rotation":0,"texture":"#0"},"south":{"uv":[6.125,8.0,6.3125,8.0625],"tintindex":0,"rotation":0,"texture":"#0"},"north":{"uv":[5.4375,6.0625,5.625,6.125],"tintindex":0,"rotation":0,"texture":"#0"},"west":{"uv":[8.1875,1.8125,8.5625,1.875],"tintindex":0,"rotation":0,"texture":"#0"},"up":{"uv":[5.4375,4.125,5.25,3.75],"tintindex":0,"rotation":0,"texture":"#0"},"down":{"uv":[5.4375,4.1875,5.25,4.5625],"tintindex":0,"rotation":0,"texture":"#0"}}}],"display":{"gui":{"rotation":[30,225,0]}}}