{"textures":{"0":"modelengine:entity/phantom_ghost"},"elements":[{"from":[6.5,6.0,8.0],"to":[9.5,10.0,22.0],"faces":{"east":{"uv":[7.1875,6.1875,8.0625,6.4375],"tintindex":0,"rotation":0,"texture":"#0"},"south":{"uv":[5.4375,5.75,5.625,6.0],"tintindex":0,"rotation":0,"texture":"#0"},"north":{"uv":[3.0625,4.25,3.25,4.5],"tintindex":0,"rotation":0,"texture":"#0"},"west":{"uv":[6.4375,7.3125,7.3125,7.5625],"tintindex":0,"rotation":0,"texture":"#0"},"up":{"uv":[1.5,4.125,1.3125,3.25],"tintindex":0,"rotation":0,"texture":"#0"},"down":{"uv":[3.625,7.4375,3.4375,8.3125],"tintindex":0,"rotation":0,"texture":"#0"}}}],"display":{"gui":{"rotation":[30,225,0]}}}