{"textures":{"0":"modelengine:entity/phantom_ghost"},"elements":[{"from":[7.5,7.25,8.0],"to":[8.5,8.75,16.5],"faces":{"east":{"uv":[0.0,7.625,1.0625,7.8125],"tintindex":0,"rotation":0,"texture":"#0"},"south":{"uv":[5.6875,8.1875,5.8125,8.375],"tintindex":0,"rotation":0,"texture":"#0"},"north":{"uv":[5.5,4.375,5.625,4.5625],"tintindex":0,"rotation":0,"texture":"#0"},"west":{"uv":[1.125,7.625,2.1875,7.8125],"tintindex":0,"rotation":0,"texture":"#0"},"up":{"uv":[3.8125,8.5,3.6875,7.4375],"tintindex":0,"rotation":0,"texture":"#0"},"down":{"uv":[4.0,7.4375,3.875,8.5],"tintindex":0,"rotation":0,"texture":"#0"}}},{"from":[8.0,5.75,11.5],"to":[8.0,12.25,21.0],"faces":{"east":{"uv":[2.9375,5.75,4.125,6.5625],"tintindex":0,"rotation":0,"texture":"#0"},"west":{"uv":[4.1875,5.75,5.375,6.5625],"tintindex":0,"rotation":0,"texture":"#0"}}}],"display":{"gui":{"rotation":[30,225,0]}}}