{"textures":{"0":"modelengine:entity/phantom_ghost"},"elements":[{"from":[3.25,8.5028515,-2.1578188],"to":[12.75,9.5028515,-1.1578188],"faces":{"east":{"uv":[6.875,7.125,7.0,7.25],"tintindex":0,"rotation":0,"texture":"#0"},"south":{"uv":[7.9375,6.5,9.125,6.625],"tintindex":0,"rotation":0,"texture":"#0"},"north":{"uv":[6.4375,7.9375,7.625,8.0625],"tintindex":0,"rotation":0,"texture":"#0"},"west":{"uv":[0.5625,8.25,0.6875,8.375],"tintindex":0,"rotation":0,"texture":"#0"},"up":{"uv":[9.125,6.8125,7.9375,6.6875],"tintindex":0,"rotation":0,"texture":"#0"},"down":{"uv":[9.125,6.875,7.9375,7.0],"tintindex":0,"rotation":0,"texture":"#0"}}},{"from":[1.25,7.140351,0.3421812],"to":[14.75,9.64035,6.842181],"faces":{"east":{"uv":[7.125,0.0,7.9375,0.3125],"tintindex":0,"rotation":0,"texture":"#0"},"south":{"uv":[6.4375,0.875,8.125,1.1875],"tintindex":0,"rotation":0,"texture":"#0"},"north":{"uv":[5.4375,6.1875,7.125,6.5],"tintindex":0,"rotation":0,"texture":"#0"},"west":{"uv":[7.125,0.375,7.9375,0.6875],"tintindex":0,"rotation":0,"texture":"#0"},"up":{"uv":[5.1875,4.5625,3.5,3.75],"tintindex":0,"rotation":0,"texture":"#0"},"down":{"uv":[3.0,4.25,1.3125,5.0625],"tintindex":0,"rotation":0,"texture":"#0"}}},{"from":[0.75,7.9865713,6.500731],"to":[15.25,12.486572,6.500731],"faces":{"south":{"uv":[7.5,4.9375,5.6875,5.5],"tintindex":0,"rotation":0,"texture":"#0"},"north":{"uv":[5.6875,4.9375,7.5,5.5],"tintindex":0,"rotation":0,"texture":"#0"}},"rotation":{"origin":[8.0,9.82675,13.217181],"angle":22.5,"axis":"x"}},{"from":[7.25,8.1278515,-4.657819],"to":[8.75,9.6278515,8.379682],"faces":{"east":{"uv":[6.4375,3.5,8.0625,3.6875],"tintindex":0,"rotation":0,"texture":"#0"},"south":{"uv":[5.125,6.625,5.3125,6.8125],"tintindex":0,"rotation":0,"texture":"#0"},"north":{"uv":[6.125,0.875,6.3125,1.0625],"tintindex":0,"rotation":0,"texture":"#0"},"west":{"uv":[2.9375,6.625,4.5625,6.8125],"tintindex":0,"rotation":0,"texture":"#0"},"up":{"uv":[4.8125,8.25,4.625,6.625],"tintindex":0,"rotation":0,"texture":"#0"},"down":{"uv":[5.0625,6.625,4.875,8.25],"tintindex":0,"rotation":0,"texture":"#0"}}},{"from":[13.462896,11.90769,2.3296814],"to":[14.462896,13.90769,6.8296814],"faces":{"east":{"uv":[3.1875,7.625,2.625,7.875],"tintindex":0,"rotation":0,"texture":"#0"},"south":{"uv":[5.25,8.1875,5.125,8.4375],"tintindex":0,"rotation":0,"texture":"#0"},"north":{"uv":[2.5,8.0625,2.375,8.3125],"tintindex":0,"rotation":0,"texture":"#0"},"west":{"uv":[3.1875,7.625,2.625,7.875],"tintindex":0,"rotation":0,"texture":"#0"},"up":{"uv":[5.5,4.3125,5.625,3.75],"tintindex":0,"rotation":0,"texture":"#0"},"down":{"uv":[3.25,7.625,3.375,8.1875],"tintindex":0,"rotation":0,"texture":"#0"}},"rotation":{"origin":[8.0,9.82675,13.217181],"angle":-22.5,"axis":"z"}},{"from":[3.5233817,14.859919,1.3421812],"to":[3.5233817,18.859919,7.342181],"faces":{"east":{"uv":[2.125,6.0,2.875,6.5],"tintindex":0,"rotation":0,"texture":"#0"},"west":{"uv":[2.875,6.0,2.125,6.5],"tintindex":0,"rotation":0,"texture":"#0"}},"rotation":{"origin":[8.0,9.82675,13.217181],"angle":45.0,"axis":"z"}},{"from":[1.75,6.627851,-4.157819],"to":[14.25,9.1278515,8.342181],"faces":{"east":{"uv":[6.4375,2.375,8.0,2.6875],"tintindex":0,"rotation":0,"texture":"#0"},"south":{"uv":[6.4375,2.75,8.0,3.0625],"tintindex":0,"rotation":0,"texture":"#0"},"north":{"uv":[6.4375,2.0,8.0,2.3125],"tintindex":0,"rotation":0,"texture":"#0"},"west":{"uv":[6.4375,3.125,8.0,3.4375],"tintindex":0,"rotation":0,"texture":"#0"},"up":{"uv":[1.5625,1.5625,0.0,0.0],"tintindex":0,"rotation":0,"texture":"#0"},"down":{"uv":[1.5625,1.625,0.0,3.1875],"tintindex":0,"rotation":0,"texture":"#0"}}},{"from":[4.25,8.5028515,5.342181],"to":[11.75,9.5028515,6.342181],"faces":{"east":{"uv":[1.125,8.25,1.25,8.375],"tintindex":0,"rotation":0,"texture":"#0"},"south":{"uv":[8.0625,2.1875,9.0,2.3125],"tintindex":0,"rotation":0,"texture":"#0"},"north":{"uv":[8.0625,2.0,9.0,2.125],"tintindex":0,"rotation":0,"texture":"#0"},"west":{"uv":[1.3125,8.25,1.4375,8.375],"tintindex":0,"rotation":0,"texture":"#0"},"up":{"uv":[9.0,2.5,8.0625,2.375],"tintindex":0,"rotation":0,"texture":"#0"},"down":{"uv":[9.0,2.5625,8.0625,2.6875],"tintindex":0,"rotation":0,"texture":"#0"}}},{"from":[1.5371041,11.90769,2.3296814],"to":[2.5371041,13.90769,6.8296814],"faces":{"east":{"uv":[2.625,7.625,3.1875,7.875],"tintindex":0,"rotation":0,"texture":"#0"},"south":{"uv":[5.125,8.1875,5.25,8.4375],"tintindex":0,"rotation":0,"texture":"#0"},"north":{"uv":[2.375,8.0625,2.5,8.3125],"tintindex":0,"rotation":0,"texture":"#0"},"west":{"uv":[2.625,7.625,3.1875,7.875],"tintindex":0,"rotation":0,"texture":"#0"},"up":{"uv":[5.625,4.3125,5.5,3.75],"tintindex":0,"rotation":0,"texture":"#0"},"down":{"uv":[3.375,7.625,3.25,8.1875],"tintindex":0,"rotation":0,"texture":"#0"}},"rotation":{"origin":[8.0,9.82675,13.217181],"angle":22.5,"axis":"z"}},{"from":[1.25,9.64035,5.842181],"to":[14.75,12.14035,6.842181],"faces":{"east":{"uv":[3.3125,4.25,3.4375,4.5625],"tintindex":0,"rotation":0,"texture":"#0"},"south":{"uv":[6.4375,1.25,8.125,1.5625],"tintindex":0,"rotation":0,"texture":"#0"},"north":{"uv":[6.4375,1.25,8.125,1.5625],"tintindex":0,"rotation":0,"texture":"#0"},"west":{"uv":[1.125,5.625,1.25,5.9375],"tintindex":0,"rotation":0,"texture":"#0"},"up":{"uv":[8.5,4.875,6.8125,4.75],"tintindex":0,"rotation":0,"texture":"#0"},"down":{"uv":[1.6875,7.4375,0.0,7.5625],"tintindex":0,"rotation":0,"texture":"#0"}}},{"from":[8.0,9.6278515,-4.657819],"to":[8.0,10.6278515,0.3421812],"faces":{"east":{"uv":[8.8125,1.375,8.1875,1.5],"tintindex":0,"rotation":0,"texture":"#0"},"west":{"uv":[8.1875,1.375,8.8125,1.5],"tintindex":0,"rotation":0,"texture":"#0"}}},{"from":[4.25,8.5028515,0.8421812],"to":[11.75,9.5028515,1.8421812],"faces":{"east":{"uv":[0.75,8.25,0.875,8.375],"tintindex":0,"rotation":0,"texture":"#0"},"south":{"uv":[5.125,8.0,6.0625,8.125],"tintindex":0,"rotation":0,"texture":"#0"},"north":{"uv":[8.0,4.5,8.9375,4.625],"tintindex":0,"rotation":0,"texture":"#0"},"west":{"uv":[0.9375,8.25,1.0625,8.375],"tintindex":0,"rotation":0,"texture":"#0"},"up":{"uv":[0.9375,8.1875,0.0,8.0625],"tintindex":0,"rotation":0,"texture":"#0"},"down":{"uv":[1.9375,8.0625,1.0,8.1875],"tintindex":0,"rotation":0,"texture":"#0"}}},{"from":[12.476618,14.859919,1.3421812],"to":[12.476618,18.859919,7.342181],"faces":{"east":{"uv":[2.125,6.0,2.875,6.5],"tintindex":0,"rotation":0,"texture":"#0"},"west":{"uv":[2.875,6.0,2.125,6.5],"tintindex":0,"rotation":0,"texture":"#0"}},"rotation":{"origin":[8.0,9.82675,13.217181],"angle":-45.0,"axis":"z"}}],"display":{"gui":{"rotation":[30,225,0]}}}