{"textures":{"0":"modelengine:entity/horse_unicorn"},"elements":[{"from":[6.367857,10.921927,8.715231],"to":[9.225,14.350499,13.286659],"rotation":{"angle":45.0,"axis":"x","origin":[10.925,11.465225,3.2865734]},"faces":{"east":{"uv":[6.75,5.75,7.75,6.5],"rotation":0,"texture":"#0","tintindex":0},"south":{"uv":[12.25,7.0,12.875,7.75],"rotation":0,"texture":"#0","tintindex":0},"north":{"uv":[6.125,12.25,6.75,13.0],"rotation":0,"texture":"#0","tintindex":0},"west":{"uv":[9.875,0.0,10.875,0.75],"rotation":0,"texture":"#0","tintindex":0},"up":{"uv":[9.25,5.625,8.625,4.625],"rotation":0,"texture":"#0","tintindex":0},"down":{"uv":[10.75,10.75,10.125,11.75],"rotation":0,"texture":"#0","tintindex":0}}}],"display":{"head":{"translation":[0.0,-6.4,0.0],"scale":[4.0,4.0,4.0]}}}