{"textures":{"0":"modelengine:entity/horse_unicorn"},"elements":[{"from":[7.285714,2.2857141,6.928571],"to":[9.571428,8.0,9.214286],"rotation":{"angle":0.0,"axis":"y","origin":[11.285714,13.173248,12.357349]},"faces":{"east":{"uv":[10.625,2.0,11.125,3.25],"rotation":0,"texture":"#0","tintindex":0},"south":{"uv":[2.625,10.75,3.125,12.0],"rotation":0,"texture":"#0","tintindex":0},"north":{"uv":[2.0,10.625,2.5,11.875],"rotation":0,"texture":"#0","tintindex":0},"west":{"uv":[10.75,7.0,11.25,8.25],"rotation":0,"texture":"#0","tintindex":0},"up":{"uv":[10.125,4.5,9.625,4.0],"rotation":0,"texture":"#0","tintindex":0},"down":{"uv":[12.125,12.875,11.625,13.375],"rotation":0,"texture":"#0","tintindex":0}}},{"from":[6.714286,1.1428566,6.357143],"to":[10.142858,2.2857141,9.785714],"rotation":{"angle":0.0,"axis":"y","origin":[11.285714,13.173248,12.357349]},"faces":{"east":{"uv":[13.125,11.375,13.875,11.625],"rotation":0,"texture":"#0","tintindex":0},"south":{"uv":[13.25,3.875,14.0,4.125],"rotation":0,"texture":"#0","tintindex":0},"north":{"uv":[13.125,11.0,13.875,11.25],"rotation":0,"texture":"#0","tintindex":0},"west":{"uv":[13.25,7.625,14.0,7.875],"rotation":0,"texture":"#0","tintindex":0},"up":{"uv":[1.5,12.375,0.75,11.625],"rotation":0,"texture":"#0","tintindex":0},"down":{"uv":[12.375,8.125,11.625,8.875],"rotation":0,"texture":"#0","tintindex":0}}}],"display":{"head":{"translation":[0.0,-6.4,0.0],"scale":[4.0,4.0,4.0]}}}