{"textures":{"0":"modelengine:entity/horse_unicorn"},"elements":[{"from":[6.6285715,1.6571422,6.1714287],"to":[10.057143,8.514286,9.6],"rotation":{"angle":0.0,"axis":"y","origin":[11.2,6.830391,12.171636]},"faces":{"east":{"uv":[5.75,8.125,6.5,9.625],"rotation":0,"texture":"#0","tintindex":0},"south":{"uv":[6.625,8.125,7.375,9.625],"rotation":0,"texture":"#0","tintindex":0},"north":{"uv":[4.875,8.125,5.625,9.625],"rotation":0,"texture":"#0","tintindex":0},"west":{"uv":[0.0,8.625,0.75,10.125],"rotation":0,"texture":"#0","tintindex":0},"up":{"uv":[12.125,8.0,11.375,7.25],"rotation":0,"texture":"#0","tintindex":0},"down":{"uv":[12.25,11.125,11.5,11.875],"rotation":0,"texture":"#0","tintindex":0}}}],"display":{"head":{"translation":[0.0,-6.4,0.0],"scale":[4.0,4.0,4.0]}}}