{"textures":{"0":"modelengine:entity/horse_unicorn"},"elements":[{"from":[6.0,9.074255,6.1087976],"to":[10.0,15.359969,11.251656],"rotation":{"angle":-22.5,"axis":"x","origin":[8.0,7.168501,13.04677]},"faces":{"east":{"uv":[5.625,3.25,6.75,4.625],"rotation":0,"texture":"#0","tintindex":0},"south":{"uv":[3.875,8.125,4.75,9.5],"rotation":0,"texture":"#0","tintindex":0},"north":{"uv":[2.875,8.125,3.75,9.5],"rotation":0,"texture":"#0","tintindex":0},"west":{"uv":[1.625,6.125,2.75,7.5],"rotation":0,"texture":"#0","tintindex":0},"up":{"uv":[10.5,3.875,9.625,2.75],"rotation":0,"texture":"#0","tintindex":0},"down":{"uv":[4.625,9.625,3.75,10.75],"rotation":0,"texture":"#0","tintindex":0}}},{"from":[7.428571,9.645683,11.251656],"to":[8.571428,15.359969,12.96594],"rotation":{"angle":-22.5,"axis":"x","origin":[8.0,7.168501,13.04677]},"faces":{"east":{"uv":[9.125,12.25,9.5,13.5],"rotation":0,"texture":"#0","tintindex":0},"south":{"uv":[11.25,12.875,11.5,14.125],"rotation":0,"texture":"#0","tintindex":0},"north":{"uv":[10.125,12.75,10.375,14.0],"rotation":0,"texture":"#0","tintindex":0},"west":{"uv":[0.75,12.5,1.125,13.75],"rotation":0,"texture":"#0","tintindex":0},"up":{"uv":[5.5,13.5,5.25,13.125],"rotation":0,"texture":"#0","tintindex":0},"down":{"uv":[6.375,13.125,6.125,13.5],"rotation":0,"texture":"#0","tintindex":0}}}],"display":{"head":{"translation":[0.0,-6.4,0.0],"scale":[4.0,4.0,4.0]}}}