{"textures":{"0":"modelengine:entity/horse_unicorn"},"elements":[{"from":[6.775,10.921927,8.715231],"to":[9.632143,14.350499,13.286659],"rotation":{"angle":45.0,"axis":"x","origin":[5.075,11.465225,3.2865734]},"faces":{"east":{"uv":[10.125,9.875,11.125,10.625],"rotation":0,"texture":"#0","tintindex":0},"south":{"uv":[12.5,7.875,13.125,8.625],"rotation":0,"texture":"#0","tintindex":0},"north":{"uv":[12.375,11.125,13.0,11.875],"rotation":0,"texture":"#0","tintindex":0},"west":{"uv":[0.0,10.25,1.0,11.0],"rotation":0,"texture":"#0","tintindex":0},"up":{"uv":[0.625,12.125,0.0,11.125],"rotation":0,"texture":"#0","tintindex":0},"down":{"uv":[11.75,3.375,11.125,4.375],"rotation":0,"texture":"#0","tintindex":0}}}],"display":{"head":{"translation":[0.0,-6.4,0.0],"scale":[4.0,4.0,4.0]}}}