{"textures":{"0":"modelengine:entity/horse_unicorn"},"elements":[{"from":[6.857143,2.5714283,6.857143],"to":[9.142858,8.285714,9.142858],"rotation":{"angle":0.0,"axis":"y","origin":[5.142857,13.458963,0.8573494]},"faces":{"east":{"uv":[11.25,1.125,11.75,2.375],"rotation":0,"texture":"#0","tintindex":0},"south":{"uv":[11.375,5.875,11.875,7.125],"rotation":0,"texture":"#0","tintindex":0},"north":{"uv":[11.125,4.5,11.625,5.75],"rotation":0,"texture":"#0","tintindex":0},"west":{"uv":[11.5,9.75,12.0,11.0],"rotation":0,"texture":"#0","tintindex":0},"up":{"uv":[4.375,13.5,3.875,13.0],"rotation":0,"texture":"#0","tintindex":0},"down":{"uv":[13.5,6.25,13.0,6.75],"rotation":0,"texture":"#0","tintindex":0}}},{"from":[6.285714,1.4285712,6.285714],"to":[9.714286,2.5714283,9.714286],"rotation":{"angle":0.0,"axis":"y","origin":[5.142857,13.458963,0.8573494]},"faces":{"east":{"uv":[13.375,4.25,14.125,4.5],"rotation":0,"texture":"#0","tintindex":0},"south":{"uv":[13.375,4.625,14.125,4.875],"rotation":0,"texture":"#0","tintindex":0},"north":{"uv":[13.375,3.25,14.125,3.5],"rotation":0,"texture":"#0","tintindex":0},"west":{"uv":[13.5,5.5,14.25,5.75],"rotation":0,"texture":"#0","tintindex":0},"up":{"uv":[4.0,12.75,3.25,12.0],"rotation":0,"texture":"#0","tintindex":0},"down":{"uv":[12.75,5.375,12.0,6.125],"rotation":0,"texture":"#0","tintindex":0}}}],"display":{"head":{"translation":[0.0,-6.4,0.0],"scale":[4.0,4.0,4.0]}}}