{"textures":{"0":"modelengine:entity/horse_unicorn"},"elements":[{"from":[6.857143,0.5964279,5.415058],"to":[9.142858,4.0249996,8.272201],"rotation":{"angle":-22.5,"axis":"x","origin":[8.0,8.982475,-2.4838982]},"faces":{"east":{"uv":[8.375,12.25,9.0,13.0],"rotation":0,"texture":"#0","tintindex":0},"south":{"uv":[3.25,12.875,3.75,13.625],"rotation":0,"texture":"#0","tintindex":0},"north":{"uv":[12.75,3.0,13.25,3.75],"rotation":0,"texture":"#0","tintindex":0},"west":{"uv":[12.25,12.0,12.875,12.75],"rotation":0,"texture":"#0","tintindex":0},"up":{"uv":[13.375,6.125,12.875,5.5],"rotation":0,"texture":"#0","tintindex":0},"down":{"uv":[13.375,9.5,12.875,10.125],"rotation":0,"texture":"#0","tintindex":0}}}],"display":{"head":{"translation":[0.0,-6.4,0.0],"scale":[4.0,4.0,4.0]}}}