{"textures":{"0":"modelengine:entity/horse_unicorn"},"elements":[{"from":[6.5714283,-1.5310411,4.701242],"to":[9.428572,1.8975306,7.558385],"rotation":{"angle":-45.0,"axis":"x","origin":[8.0,7.16525,-0.48181152]},"faces":{"east":{"uv":[2.5,12.125,3.125,12.875],"rotation":0,"texture":"#0","tintindex":0},"south":{"uv":[4.125,12.125,4.75,12.875],"rotation":0,"texture":"#0","tintindex":0},"north":{"uv":[11.5,12.0,12.125,12.75],"rotation":0,"texture":"#0","tintindex":0},"west":{"uv":[12.125,9.5,12.75,10.25],"rotation":0,"texture":"#0","tintindex":0},"up":{"uv":[13.25,0.625,12.625,0.0],"rotation":0,"texture":"#0","tintindex":0},"down":{"uv":[13.25,4.375,12.625,5.0],"rotation":0,"texture":"#0","tintindex":0}}}],"display":{"head":{"translation":[0.0,-6.4,0.0],"scale":[4.0,4.0,4.0]}}}