{"textures":{"0":"modelengine:entity/horse_unicorn"},"elements":[{"from":[6.5714283,8.114285,6.285714],"to":[9.428572,8.114285,9.714286],"rotation":{"angle":0.0,"axis":"y","origin":[8.0,11.745802,-3.717969]},"faces":{"east":{"uv":[0.5,7.5,1.25,7.5],"rotation":0,"texture":"#0","tintindex":0},"south":{"uv":[7.75,3.0,8.375,3.0],"rotation":0,"texture":"#0","tintindex":0},"north":{"uv":[0.5,7.375,1.125,7.375],"rotation":0,"texture":"#0","tintindex":0},"west":{"uv":[7.75,3.125,8.5,3.125],"rotation":0,"texture":"#0","tintindex":0},"up":{"uv":[11.125,12.875,10.5,12.125],"rotation":0,"texture":"#0","tintindex":0},"down":{"uv":[0.625,12.25,0.0,13.0],"rotation":0,"texture":"#0","tintindex":0}}},{"from":[6.5714283,3.5428567,6.285714],"to":[6.5714283,8.114285,9.714286],"rotation":{"angle":0.0,"axis":"y","origin":[8.0,11.745802,-3.717969]},"faces":{"east":{"uv":[6.5,9.75,7.25,10.75],"rotation":0,"texture":"#0","tintindex":0},"south":{"uv":[11.125,5.875,11.125,6.875],"rotation":0,"texture":"#0","tintindex":0},"north":{"uv":[7.375,9.75,7.375,10.75],"rotation":0,"texture":"#0","tintindex":0},"west":{"uv":[9.875,7.625,10.625,8.625],"rotation":0,"texture":"#0","tintindex":0},"up":{"uv":[9.875,9.5,9.875,8.75],"rotation":0,"texture":"#0","tintindex":0},"down":{"uv":[10.0,8.75,10.0,9.5],"rotation":0,"texture":"#0","tintindex":0}}},{"from":[6.5714283,3.5428567,9.714286],"to":[9.428572,8.114285,9.714286],"rotation":{"angle":0.0,"axis":"y","origin":[8.0,11.745802,-3.717969]},"faces":{"east":{"uv":[11.25,5.875,11.25,6.875],"rotation":0,"texture":"#0","tintindex":0},"south":{"uv":[4.0,10.875,4.625,11.875],"rotation":0,"texture":"#0","tintindex":0},"north":{"uv":[3.25,10.875,3.875,11.875],"rotation":0,"texture":"#0","tintindex":0},"west":{"uv":[11.0,13.0,11.0,14.0],"rotation":0,"texture":"#0","tintindex":0},"up":{"uv":[12.5,4.375,11.875,4.375],"rotation":0,"texture":"#0","tintindex":0},"down":{"uv":[13.125,8.75,12.5,8.75],"rotation":0,"texture":"#0","tintindex":0}}},{"from":[6.5714283,3.5428567,6.285714],"to":[9.428572,8.114285,6.285714],"rotation":{"angle":0.0,"axis":"y","origin":[8.0,11.745802,-3.717969]},"faces":{"east":{"uv":[11.125,13.0,11.125,14.0],"rotation":0,"texture":"#0","tintindex":0},"south":{"uv":[4.75,11.0,5.375,12.0],"rotation":0,"texture":"#0","tintindex":0},"north":{"uv":[11.0,0.0,11.625,1.0],"rotation":0,"texture":"#0","tintindex":0},"west":{"uv":[5.625,13.125,5.625,14.125],"rotation":0,"texture":"#0","tintindex":0},"up":{"uv":[13.125,8.875,12.5,8.875],"rotation":0,"texture":"#0","tintindex":0},"down":{"uv":[13.625,12.75,13.0,12.75],"rotation":0,"texture":"#0","tintindex":0}}},{"from":[9.428572,3.5428567,6.285714],"to":[9.428572,8.114285,9.714286],"rotation":{"angle":0.0,"axis":"y","origin":[8.0,11.745802,-3.717969]},"faces":{"east":{"uv":[10.125,0.875,10.875,1.875],"rotation":0,"texture":"#0","tintindex":0},"south":{"uv":[8.875,13.125,8.875,14.125],"rotation":0,"texture":"#0","tintindex":0},"north":{"uv":[8.75,13.125,8.75,14.125],"rotation":0,"texture":"#0","tintindex":0},"west":{"uv":[10.125,8.75,10.875,9.75],"rotation":0,"texture":"#0","tintindex":0},"up":{"uv":[11.0,1.875,11.0,1.125],"rotation":0,"texture":"#0","tintindex":0},"down":{"uv":[11.125,1.125,11.125,1.875],"rotation":0,"texture":"#0","tintindex":0}}}],"display":{"head":{"translation":[0.0,-6.4,0.0],"scale":[4.0,4.0,4.0]}}}