{"textures":{"0":"modelengine:entity/horse_unicorn"},"elements":[{"from":[4.5714283,6.1131625,2.956205],"to":[11.428572,12.970305,10.956205],"rotation":{"angle":0.0,"axis":"y","origin":[8.0,10.143554,1.5278406]},"faces":{"east":{"uv":[3.75,1.75,5.5,3.25],"rotation":0,"texture":"#0","tintindex":0},"south":{"uv":[5.625,1.625,7.125,3.125],"rotation":0,"texture":"#0","tintindex":0},"north":{"uv":[5.625,0.0,7.125,1.5],"rotation":0,"texture":"#0","tintindex":0},"west":{"uv":[3.75,3.375,5.5,4.875],"rotation":0,"texture":"#0","tintindex":0},"up":{"uv":[3.375,6.0,1.875,4.25],"rotation":0,"texture":"#0","tintindex":0},"down":{"uv":[1.5,5.0,0.0,6.75],"rotation":0,"texture":"#0","tintindex":0}}}],"display":{"head":{"translation":[0.0,-6.4,0.0],"scale":[4.0,4.0,4.0]}}}