{"textures":{"0":"modelengine:entity/horse_unicorn"},"elements":[{"from":[2.0,15.287642,9.908031],"to":[14.0,17.287642,12.908031],"faces":{"east":{"uv":[9.375,7.625,9.75,7.875],"tintindex":0,"rotation":0,"texture":"#0"},"south":{"uv":[12.875,5.125,14.375,5.375],"tintindex":0,"rotation":0,"texture":"#0"},"north":{"uv":[12.875,1.875,14.375,2.125],"tintindex":0,"rotation":0,"texture":"#0"},"west":{"uv":[1.125,10.25,1.5,10.5],"tintindex":0,"rotation":0,"texture":"#0"},"up":{"uv":[1.5,7.25,0.0,6.875],"tintindex":0,"rotation":0,"texture":"#0"},"down":{"uv":[13.125,9.0,11.625,9.375],"tintindex":0,"rotation":0,"texture":"#0"}}},{"from":[2.0,2.2876415,-8.091969],"to":[14.0,14.287642,7.908031],"faces":{"east":{"uv":[0.0,0.0,2.0,1.5],"tintindex":0,"rotation":0,"texture":"#0"},"south":{"uv":[5.125,5.0,6.625,6.5],"tintindex":0,"rotation":0,"texture":"#0"},"north":{"uv":[3.5,5.0,5.0,6.5],"tintindex":0,"rotation":0,"texture":"#0"},"west":{"uv":[0.0,1.625,2.0,3.125],"tintindex":0,"rotation":0,"texture":"#0"},"up":{"uv":[3.625,2.0,2.125,0.0],"tintindex":0,"rotation":0,"texture":"#0"},"down":{"uv":[3.625,2.125,2.125,4.125],"tintindex":0,"rotation":0,"texture":"#0"}}},{"from":[1.5,1.7876415,4.4080315],"to":[14.5,8.787642,7.408031],"faces":{"east":{"uv":[9.625,10.875,10.0,11.75],"tintindex":0,"rotation":0,"texture":"#0"},"south":{"uv":[0.0,7.625,1.625,8.5],"tintindex":0,"rotation":0,"texture":"#0"},"north":{"uv":[7.25,2.0,8.875,2.875],"tintindex":0,"rotation":0,"texture":"#0"},"west":{"uv":[7.875,12.875,8.25,13.75],"tintindex":0,"rotation":0,"texture":"#0"},"up":{"uv":[8.5,4.625,6.875,4.25],"tintindex":0,"rotation":0,"texture":"#0"},"down":{"uv":[12.875,2.5,11.25,2.875],"tintindex":0,"rotation":0,"texture":"#0"}}},{"from":[1.0,8.287642,-0.09196854],"to":[15.0,15.287642,12.908031],"faces":{"east":{"uv":[7.25,0.0,8.875,0.875],"tintindex":0,"rotation":0,"texture":"#0"},"south":{"uv":[6.875,3.25,8.625,4.125],"tintindex":0,"rotation":0,"texture":"#0"},"north":{"uv":[6.75,4.75,8.5,5.625],"tintindex":0,"rotation":0,"texture":"#0"},"west":{"uv":[7.25,1.0,8.875,1.875],"tintindex":0,"rotation":0,"texture":"#0"},"up":{"uv":[1.75,4.875,0.0,3.25],"tintindex":0,"rotation":0,"texture":"#0"},"down":{"uv":[5.5,0.0,3.75,1.625],"tintindex":0,"rotation":0,"texture":"#0"}}}],"display":{"gui":{"rotation":[30,225,0]}}}