{"textures":{"0":"modelengine:entity/horse_unicorn"},"elements":[{"from":[5.6,-3.1000004,4.799999],"to":[11.6,8.9,10.799999],"faces":{"east":{"uv":[5.75,8.125,6.5,9.625],"tintindex":0,"rotation":0,"texture":"#0"},"south":{"uv":[6.625,8.125,7.375,9.625],"tintindex":0,"rotation":0,"texture":"#0"},"north":{"uv":[4.875,8.125,5.625,9.625],"tintindex":0,"rotation":0,"texture":"#0"},"west":{"uv":[0.0,8.625,0.75,10.125],"tintindex":0,"rotation":0,"texture":"#0"},"up":{"uv":[12.125,8.0,11.375,7.25],"tintindex":0,"rotation":0,"texture":"#0"},"down":{"uv":[12.25,11.125,11.5,11.875],"tintindex":0,"rotation":0,"texture":"#0"}}}],"display":{"gui":{"rotation":[30,225,0]}}}