{"textures":{"0":"modelengine:entity/horse_unicorn"},"elements":[{"from":[4.5,9.879946,4.6903963],"to":[11.5,20.879944,13.690395],"faces":{"east":{"uv":[5.625,3.25,6.75,4.625],"tintindex":0,"rotation":0,"texture":"#0"},"south":{"uv":[3.875,8.125,4.75,9.5],"tintindex":0,"rotation":0,"texture":"#0"},"north":{"uv":[2.875,8.125,3.75,9.5],"tintindex":0,"rotation":0,"texture":"#0"},"west":{"uv":[1.625,6.125,2.75,7.5],"tintindex":0,"rotation":0,"texture":"#0"},"up":{"uv":[10.5,3.875,9.625,2.75],"tintindex":0,"rotation":0,"texture":"#0"},"down":{"uv":[4.625,9.625,3.75,10.75],"tintindex":0,"rotation":0,"texture":"#0"}},"rotation":{"origin":[8.0,6.544876,16.831848],"angle":-22.5,"axis":"x"}},{"from":[7.0,10.879946,13.690395],"to":[9.0,20.879944,16.690395],"faces":{"east":{"uv":[9.125,12.25,9.5,13.5],"tintindex":0,"rotation":0,"texture":"#0"},"south":{"uv":[11.25,12.875,11.5,14.125],"tintindex":0,"rotation":0,"texture":"#0"},"north":{"uv":[10.125,12.75,10.375,14.0],"tintindex":0,"rotation":0,"texture":"#0"},"west":{"uv":[0.75,12.5,1.125,13.75],"tintindex":0,"rotation":0,"texture":"#0"},"up":{"uv":[5.5,13.5,5.25,13.125],"tintindex":0,"rotation":0,"texture":"#0"},"down":{"uv":[6.375,13.125,6.125,13.5],"tintindex":0,"rotation":0,"texture":"#0"}},"rotation":{"origin":[8.0,6.544876,16.831848],"angle":-22.5,"axis":"x"}}],"display":{"gui":{"rotation":[30,225,0]}}}