{"textures":{"0":"modelengine:entity/horse_unicorn"},"elements":[{"from":[4.420833,2.1147861,2.4141555],"to":[10.420834,13.114786,11.414156],"faces":{"east":{"uv":[5.375,6.625,6.5,8.0],"tintindex":0,"rotation":0,"texture":"#0"},"south":{"uv":[7.5,9.5,8.25,10.875],"tintindex":0,"rotation":0,"texture":"#0"},"north":{"uv":[9.375,6.125,10.125,7.5],"tintindex":0,"rotation":0,"texture":"#0"},"west":{"uv":[6.625,6.625,7.75,8.0],"tintindex":0,"rotation":0,"texture":"#0"},"up":{"uv":[5.5,10.875,4.75,9.75],"tintindex":0,"rotation":0,"texture":"#0"},"down":{"uv":[6.375,9.75,5.625,10.875],"tintindex":0,"rotation":0,"texture":"#0"}},"rotation":{"origin":[2.420833,6.8138046,-2.8045025],"angle":22.5,"axis":"x"}}],"display":{"gui":{"rotation":[30,225,0]}}}