{"textures":{"0":"modelengine:entity/horse_unicorn"},"elements":[{"from":[5.25,-2.0,6.125],"to":[9.25,8.0,10.125],"faces":{"east":{"uv":[7.125,11.0,7.625,12.25],"tintindex":0,"rotation":0,"texture":"#0"},"south":{"uv":[7.75,11.0,8.25,12.25],"tintindex":0,"rotation":0,"texture":"#0"},"north":{"uv":[5.5,11.0,6.0,12.25],"tintindex":0,"rotation":0,"texture":"#0"},"west":{"uv":[11.0,8.375,11.5,9.625],"tintindex":0,"rotation":0,"texture":"#0"},"up":{"uv":[13.5,2.75,13.0,2.25],"tintindex":0,"rotation":0,"texture":"#0"},"down":{"uv":[3.125,13.0,2.625,13.5],"tintindex":0,"rotation":0,"texture":"#0"}}},{"from":[4.25,-4.0,5.125],"to":[10.25,-2.0,11.125],"faces":{"east":{"uv":[13.375,1.125,14.125,1.375],"tintindex":0,"rotation":0,"texture":"#0"},"south":{"uv":[13.375,1.5,14.125,1.75],"tintindex":0,"rotation":0,"texture":"#0"},"north":{"uv":[13.375,0.75,14.125,1.0],"tintindex":0,"rotation":0,"texture":"#0"},"west":{"uv":[13.375,2.875,14.125,3.125],"tintindex":0,"rotation":0,"texture":"#0"},"up":{"uv":[10.375,12.625,9.625,11.875],"tintindex":0,"rotation":0,"texture":"#0"},"down":{"uv":[2.375,12.0,1.625,12.75],"tintindex":0,"rotation":0,"texture":"#0"}}}],"display":{"gui":{"rotation":[30,225,0]}}}