{"textures":{"0":"modelengine:entity/horse_unicorn"},"elements":[{"from":[5.5,8.2,5.000001],"to":[10.5,8.2,11.0],"faces":{"up":{"uv":[11.125,12.875,10.5,12.125],"tintindex":0,"rotation":0,"texture":"#0"},"down":{"uv":[0.625,12.25,0.0,13.0],"tintindex":0,"rotation":0,"texture":"#0"}}},{"from":[5.5,0.19999981,11.0],"to":[10.5,8.2,11.0],"faces":{"south":{"uv":[4.0,10.875,4.625,11.875],"tintindex":0,"rotation":0,"texture":"#0"},"north":{"uv":[3.25,10.875,3.875,11.875],"tintindex":0,"rotation":0,"texture":"#0"}}},{"from":[5.5,0.19999981,5.000001],"to":[10.5,8.2,5.000001],"faces":{"south":{"uv":[4.75,11.0,5.375,12.0],"tintindex":0,"rotation":0,"texture":"#0"},"north":{"uv":[11.0,0.0,11.625,1.0],"tintindex":0,"rotation":0,"texture":"#0"}}},{"from":[10.5,0.19999981,5.000001],"to":[10.5,8.2,11.0],"faces":{"east":{"uv":[10.125,0.875,10.875,1.875],"tintindex":0,"rotation":0,"texture":"#0"},"west":{"uv":[10.125,8.75,10.875,9.75],"tintindex":0,"rotation":0,"texture":"#0"}}},{"from":[5.5,0.19999981,5.000001],"to":[5.5,8.2,11.0],"faces":{"east":{"uv":[6.5,9.75,7.25,10.75],"tintindex":0,"rotation":0,"texture":"#0"},"west":{"uv":[9.875,7.625,10.625,8.625],"tintindex":0,"rotation":0,"texture":"#0"}}}],"display":{"gui":{"rotation":[30,225,0]}}}