{"textures":{"0":"modelengine:entity/horse_unicorn"},"elements":[{"from":[5.5,-8.679321,2.2271733],"to":[10.5,-2.6793222,7.227173],"faces":{"east":{"uv":[2.5,12.125,3.125,12.875],"tintindex":0,"rotation":0,"texture":"#0"},"south":{"uv":[4.125,12.125,4.75,12.875],"tintindex":0,"rotation":0,"texture":"#0"},"north":{"uv":[11.5,12.0,12.125,12.75],"tintindex":0,"rotation":0,"texture":"#0"},"west":{"uv":[12.125,9.5,12.75,10.25],"tintindex":0,"rotation":0,"texture":"#0"},"up":{"uv":[13.25,0.625,12.625,0.0],"tintindex":0,"rotation":0,"texture":"#0"},"down":{"uv":[13.25,4.375,12.625,5.0],"tintindex":0,"rotation":0,"texture":"#0"}},"rotation":{"origin":[8.0,6.5391865,-6.843169],"angle":-45.0,"axis":"x"}}],"display":{"gui":{"rotation":[30,225,0]}}}